A writing workshop enrolls novelists and poets in a ratio of [a] to [b] . There are [c] people at the workshop . How many novelists are there ? How many poets are there ?	[b]*VAR_0=[a]*VAR_1,VAR_0+VAR_1=[c]	{'[a]': '5.0', '[b]': '3.0', '[c]': '24.0'}	[15.0,9.0]
You are selling tickets for a high school play . Student tickets cost [a] dollars and general admission tickets cost [b] dollars . You sell [c] tickets and collect [d] dollars . How many student tickets and general admission tickets did you sell ?	([a]*VAR_1)+([b]*VAR_0)=[d],VAR_1+VAR_0=[c]	{'[a]': '4.0', '[b]': '6.0', '[c]': '525.0', '[d]': '2876.0'}	[137.0,388.0]
A store is selling compact discs for [a] dollars and [b] dollars . You buy [c] discs and spend a total of [d] dollars . How many compact discs did you buy that cost [a] dollars ? How many did you buy that cost [b] dollars ?	([a]*VAR_1)+([b]*VAR_0)=[d],VAR_1+VAR_0=[c]	{'[a]': '10.5', '[b]': '8.5', '[c]': '10.0', '[d]': '93.0'}	[4.0,6.0]
Bob invested [a] dollars in [b] funds , which pay [c] % and [d] % simple interest respectively . The combined interest he earned for both funds was [e] dollars for one year . How many dollars was invested at [c] % ? How much was invested at [d] % ?	([c]*0.01*VAR_0)+([d]*0.01*VAR_1)=[e],VAR_0+VAR_1=[a]	{'[a]': '6100.0', '[b]': '2.0', '[c]': '7.0', '[d]': '6.0', '[e]': '405.0'}	[3900.0,2200.0]
Your teacher is giving you a test worth [a] points and containing [b] questions . There are [c] point and [d] point questions on the test . How many two point questions are there ? How many [d] point questions ?	([c]*VAR_1)+([d]*VAR_0)=[a],VAR_1+VAR_0=[b]	{'[a]': '100.0', '[b]': '40.0', '[c]': '2.0', '[d]': '4.0'}	[30.0,10.0]
You have [a] dollars and save [b] dollars per week . Your friend has [c] dollars and saves [d] dollars per week . After how many weeks will each of you have saved the same amount of money ?	[a]+([b]*VAR_0)=[c]+([d]*VAR_0)	{'[a]': '160.0', '[b]': '7.0', '[c]': '210.0', '[d]': '5.0'}	[25.0]
A theater has [a] seats . On opening night , they sold out , selling adult tickets for [b] dollars each and child tickets for [c] dollars each . If they made a total of [d] dollars , how many child tickets were sold ?	([b]*VAR_0)+([c]*VAR_1)=[d],VAR_0+VAR_1=[a]	{'[a]': '80.0', '[b]': '12.0', '[c]': '5.0', '[d]': '519.0'}	[63.0]
A 20-foot board is cut into [a] pieces . Twice the length of the shorter piece is [b] feet more than the length of the longer piece . Find the length of the shorter piece.	[a]*VAR_1=[b]+VAR_0,VAR_1+VAR_0=20.0	{'[a]': '2.0', '[b]': '4.0'}	[8.0]
You are traveling to your mothers house that is [a] miles away . If you are currently twice as far from your house as you are from your mothers house how far have you traveled ? Round to the nearest tenth mile.	VAR_1+VAR_0=[a],VAR_1=2.0*VAR_0	{'[a]': '234.0'}	[156.0]
Colombian coffee beans cost [a] dollars per pound, while Peruvian coffee beans cost [b] dollars per pound . We want to mix the beans together so as to produce a 40-pound bag , costing [c] dollars per pound . How many pounds of Columbian beans and how many pounds of Peruvian beans should be used ?	([a]*VAR_0)+([b]*VAR_1)=40.0*[c],VAR_0+VAR_1=40.0	{'[a]': '5.5', '[b]': '4.25', '[c]': '4.6'}	[11.2,28.8]
A total of [a] dollars is invested in [b] funds paying [c] % and [d] % annual interest . The combined annual interest is [e] dollars . How much of the [a] dollars is invested at [c] % ? How much at [d] % ?	([c]*0.01*VAR_0)+([d]*0.01*VAR_1)=[e],VAR_0+VAR_1=[a]	{'[a]': '10000.0', '[b]': '2.0', '[c]': '5.0', '[d]': '7.0', '[e]': '630.0'}	[3500.0,6500.0]
For his long distance phone service Milan pays a [a] dollars monthly fee plus [b] cents per minute . Last month , Milan 's long distance bill was [c] dollars . For how many minutes was Milan billed for ?	[a]+(([b]*0.01)*VAR_0)=[c]	{'[a]': '2.0', '[b]': '12.0', '[c]': '23.36'}	[178.0]
The maximum load that a horizontal beam can carry is directly proportional to its width . If a beam [a] inches wide can support a load of [b] pounds , find the load that a beam of the same type can support if its width is [c] inches ?	[a]*VAR_1=[b],[c]*VAR_1=VAR_0	{'[a]': '1.5', '[b]': '250.0', '[c]': '3.5'}	[583.3333]
A chemist needs to make [a] ounces of a [b] % alcohol solution by mixing together a [c] % alcohol solution with a [d] % alcohol solution . How many ounces of the [c] % solution should he use ? How many ounces of the [d] % solution ?	(([c]*0.01)*VAR_0)+(([d]*0.01)*VAR_1)=[b]*0.01*[a],VAR_0+VAR_1=[a]	{'[a]': '30.0', '[b]': '25.0', '[c]': '15.0', '[d]': '40.0'}	[18.0,12.0]
The value of a sport utility vehicle this year is [a] dollars , which is [b] of what its value was last year . Find the value of the vehicle last year .	[a]/[b]=VAR_0	{'[a]': '16000.0', '[b]': '0.8'}	[20000.0]
Arianne is mixing a solution for Chemistry class . She has a [a] % copper solution and a [b] % copper solution . How many milliliters of the [a] % solution and [b] % solution should she mix to make [c] milliliters of a [d] % solution ?	(([a]*0.01)*VAR_1)+(([b]*0.01)*VAR_0)=[d]*0.01*[c],VAR_1+VAR_0=[c]	{'[a]': '25.0', '[b]': '50.0', '[c]': '1000.0', '[d]': '45.0'}	[200.0,800.0]
The sum of [a] numbers is [b] . The first number is [c] less than twice the second number . Find the smaller number . Find the larger number.	([a]*VAR_0)-VAR_1=[c],VAR_1+VAR_0=[b]	{'[a]': '2.0', '[b]': '50.0', '[c]': '43.0'}	[19.0,31.0]
Adult tickets for a play cost [a] dollars and the child tickets cost [b] dollars . If there were [c] people at a performance and the theater collected [d] dollars from tickets sales , how many children attended the play ? How many adults attended the play ?	([b]*VAR_1)+([a]*VAR_0)=[d],VAR_1+VAR_0=[c]	{'[a]': '11.0', '[b]': '10.0', '[c]': '23.0', '[d]': '246.0'}	[7.0,16.0]
The Kings won two less than three times as many games as they lost . They played [a] games . How many wins and losses did the team have ?	VAR_1+VAR_0=[a],VAR_1=(3.0*VAR_0)-2.0	{'[a]': '82.0'}	[61.0,21.0]
Find the amount of [a] percent acid solution and the amount of a [b] percent acid solution that Pat should combine to prepare [c] cubic-centimeters of [d] percent solution.	(([a]*0.01)*VAR_1)+(([b]*0.01)*VAR_0)=[d]*0.01*[c],VAR_1+VAR_0=[c]	{'[a]': '6.0', '[b]': '14.0', '[c]': '50.0', '[d]': '12.0'}	[12.5,37.5]
The Johnson Farm has [a] acres of land allotted for cultivating corn and wheat . The cost of cultivating corn and wheat is [b] dollars for corn and [c] dollars for wheat . Mr.Johnson has [d] dollars available for cultivating these crops . If he used all the land and entire budget , how many acres of corn and how many acres of wheat should he plant ?	([b]*VAR_0)+([c]*VAR_1)=[d],VAR_0+VAR_1=[a]	{'[a]': '500.0', '[b]': '42.0', '[c]': '30.0', '[d]': '18600.0'}	[300.0,200.0]
Trenton sells electronic supplies . Each week he earns [a] dollars plus commission equal to [b] % of his sales . This week his goal is to earn no less than [c] dollars . Write and solve an inequality to find the amount of sales he must make to reach his goal.	[a]+(([b]*0.01)*VAR_0)=[c]	{'[a]': '190.0', '[b]': '4.0', '[c]': '500.0'}	[7750.0]
A 68-foot pipe is cut into [a] pieces , one of which is [b] feet less than the other . What is the length of the shorter piece in feet ?	VAR_1+VAR_0=68.0,VAR_0-[b]=VAR_1	{'[a]': '2.0', '[b]': '12.0'}	[28.0]
Anne and Nancy use a metal alloy that is [a] % copper to make jewelry . How many ounces of a [b] % alloy must be mixed with a [c] % alloy to form [d] ounces of the desired alloy ?	(([b]*0.01)*VAR_0)+(([c]*0.01)*VAR_1)=([d]*[a])*0.01,VAR_0+VAR_1=[d]	{'[a]': '24.9', '[b]': '20.0', '[c]': '27.0', '[d]': '100.0'}	[30.0]
Nine books are to be bought by a student . Some cost [a] dollars each and the remainder cost [b] dollars each . The total amount spent was [c] dollars . How many 6-dollar books were sold ? How many 6.50-dollar books were sold ?	([a]*VAR_1)+([b]*VAR_0)=[c],VAR_1+VAR_0=9.0	{'[a]': '6.0', '[b]': '6.5', '[c]': '56.0'}	[5.0,4.0]
The Booster Club voted on where they would go for their annual trip . A majority of the club voted to go to a baseball game . They bought [a] tickets . Some of the tickets cost [b] dollars per ticket and some cost [c] dollars per ticket . All of the tickets cost [d] dollars . How many 7-dollar tickets did they buy ? How many 9-dollar tickets did they buy ?	([b]*VAR_1)+([c]*VAR_0)=[d],VAR_1+VAR_0=[a]	{'[a]': '29.0', '[b]': '7.0', '[c]': '9.0', '[d]': '225.0'}	[18.0,11.0]
Kay spends [a] minutes per week exercising . Her ratio of time spent on aerobics to time spent on weight training is [b] to [c] . How many minutes per week does she spend on aerobics ? How many minutes per week does she spend on weight training ?	[c]*VAR_0=[b]*VAR_1,VAR_0+VAR_1=[a]	{'[a]': '250.0', '[b]': '3.0', '[c]': '2.0'}	[150.0,100.0]
Find [a] numbers whose sum is [b] and whose difference is [c] . What is the smaller number ? What is the larger number ?	VAR_0+VAR_1=[b],VAR_0-VAR_1=[c]	{'[a]': '2.0', '[b]': '64.0', '[c]': '4.0'}	[30.0,34.0]
You are running a concession stand . You are selling hot dogs and soda . Each hot dog costs [a] dollars and each soda costs [b] dollars . You made a total of [c] dollars . You sold a total of [d] hot dogs and sodas combined . You must report the number of hot dogs and sodas sold . How many hot dogs and sodas were sold ?	([a]*VAR_0)+([b]*VAR_1)=[c],VAR_0+VAR_1=[d]	{'[a]': '1.5', '[b]': '0.5', '[c]': '78.5', '[d]': '87.0'}	[35.0,52.0]
Find a number so that [a] less than [b] the number is [c] the number.	([b]*VAR_0)-[a]=[c]*VAR_0	{'[a]': '10.0', '[b]': '0.6667', '[c]': '0.25'}	[24.0]
On Monday , Harold picked up three doughnuts and four large coffees for the office staff . He paid [a] dollars . On Tuesday Melinda picked up five doughnuts and six large coffees for the office staff . She paid [b] dollars . What is the cost of one doughnut ? What is the cost of one large coffee ?	(3.0*VAR_1)+(4.0*VAR_0)=[a],(5.0*VAR_1)+(6.0*VAR_0)=[b]	{'[a]': '4.91', '[b]': '7.59'}	[0.45,0.89]
A semi truck travels on a paved road for [a] hours at an average speed of [b] miles per hour faster than it travels on a dirt road . The time spent on the dirt is [c] hours . If the entire trip is [d] miles , how fast is the truck traveling on the dirt road ?	([a]*VAR_1)+([c]*VAR_0)=[d],VAR_1=[b]+VAR_0	{'[a]': '2.0', '[b]': '20.0', '[c]': '3.0', '[d]': '200.0'}	[32.0]
Hockey teams receive [a] points for a win and [b] point for a tie . The wild cats once won a championship with [c] points . They won [d] more games than they tied . How many wins and how many ties did the Wildcats have ?	([a]*VAR_1)+([b]*VAR_0)=[c],VAR_1=[d]+VAR_0	{'[a]': '2.0', '[b]': '1.0', '[c]': '60.0', '[d]': '9.0'}	[23.0,14.0]
The sum of [a] numbers is [b] . One number is [c] times the other . Find the smaller number . Find the larger number.	VAR_0+VAR_1=[b],VAR_0=[c]*VAR_1	{'[a]': '2.0', '[b]': '84.0', '[c]': '3.0'}	[21.0,63.0]
Tickets for a concert were priced at [a] dollars for students and [b] dollars for non-students . There were [c] tickets sold for a total of [d] dollars . How many student ticket were sold ?	([a]*VAR_1)+([b]*VAR_0)=[d],VAR_1+VAR_0=[c]	{'[a]': '9.0', '[b]': '11.0', '[c]': '2000.0', '[d]': '20960.0'}	[520.0]
Mary began walking home from school , heading south at a rate of [a] miles per hour . Sharon left school at the same time heading north at [b] miles per hour . How long will it take for them to be [c] miles apart ?	([a]*VAR_0)+([b]*VAR_0)=[c]	{'[a]': '4.0', '[b]': '6.0', '[c]': '3.0'}	[0.3]
The weight of an object on the moon varies directly to its weight on earth . A person who weights [a] pounds on earth weighs [b] pounds on the moon . How many pounds would a 136-pound person weigh on the moon ?	[a]*VAR_1=[b],136.0*VAR_1=VAR_0	{'[a]': '133.0', '[b]': '26.6'}	[27.2]
A bank teller has [a] 5-dollar and 20-dollar bills in her cash drawer . The value of the bills is [b] dollars . How many [c] dollars bills are there ?	([c]*VAR_0)+(20.0*VAR_1)=[b],VAR_0+VAR_1=[a]	{'[a]': '54.0', '[b]': '780.0', '[c]': '5.0'}	[20.0]
A total of [a] dollars was invested in two bond mutual funds , a junk bond fund and a government bond fund . The junk fund is risky and yields [b] % interest . The safer government bond fund yields only [c] % . The year 's total income from the two investments was [d] dollars . How much was invested in each fund ?	(([b]*0.01)*VAR_1)+(([c]*0.01)*VAR_0)=[d],VAR_1+VAR_0=[a]	{'[a]': '10000.0', '[b]': '11.0', '[c]': '5.0', '[d]': '740.0'}	[4000.0,6000.0]
A student is pricing [a] different picture packages . John 's Photo World charges [b] dollars per sheet and a one time sitting fee of [c] dollars . Sam 's Picture Emporium charges [d] dollars per sheet and a one time sitting fee of [e] dollars . For how many sheets of pictures do the [a] companies charge the same amount ?	([b]*VAR_0)+[c]=([d]*VAR_0)+[e]	{'[a]': '2.0', '[b]': '2.75', '[c]': '125.0', '[d]': '1.5', '[e]': '140.0'}	[12.0]
Suppose you invest [a] dollars in equipment to put pictures on T-shirts . You buy each T-shirt for [b] dollars . After you have placed the pictures on a shirt , you sell it for [c] dollars . How many T-shirts must you sell to break even ?	[a]+([b]*VAR_0)=[c]*VAR_0	{'[a]': '1500.0', '[b]': '3.0', '[c]': '20.0'}	[83.0]
Norman and Suzanne Scarpulla own [a] shares of Mcdonald 's stocks and [b] shares of the Ohio Art Company stock . On a particular day in [c] , their stock portfolio consisting of these two stocks was worth [d] dollars . The Mcdonalds stock was [e] dollars more per share than the Ohio Art Company stock . What was the price of McDonalds stock on that day ? What was the cost of the Ohio Art Company stock on that day ?	([a]*VAR_0)+([b]*VAR_1)=[d],VAR_0=[e]+VAR_1	{'[a]': '35.0', '[b]': '69.0', '[c]': '2011.0', '[d]': '2814.0', '[e]': '70.0'}	[73.5,3.5]
The difference between two numbers is [a] . If you double both numbers , the sum is [b] . Find the two numbers .	(2.0*VAR_0)+(2.0*VAR_1)=[b],VAR_0-VAR_1=[a]	{'[a]': '6.0', '[b]': '36.0'}	[12.0,6.0]
The difference between two numbers is [a] and their sum is [b] . Find the numbers.	VAR_0+VAR_1=[b],VAR_0-VAR_1=[a]	{'[a]': '20.0', '[b]': '48.0'}	[34.0,14.0]
A car rented for [a] dollars per day plus [b] dollars per mile . Julia paid [c] dollars for a 1-day rental . How far did she drive , in miles ?	[a]+([b]*VAR_0)=[c]	{'[a]': '29.0', '[b]': '0.08', '[c]': '46.12'}	[214.0]
You sell tickets for admission to your school play and collect a total of [a] dollars . Admission prices are [b] dollars for adults and [c] dollars for children . You sold [d] tickets . How many adult tickets did you sell ? How many children 's tickets did you sell ?	([b]*VAR_0)+([c]*VAR_1)=[a],VAR_0+VAR_1=[d]	{'[a]': '104.0', '[b]': '6.0', '[c]': '4.0', '[d]': '21.0'}	[10.0,11.0]
A worker gets [a] cents an hour for ordinary time and [b] cents an hour for overtime . If she gets [c] dollars for a [d] hour week , how many hours are overtime ?	(([a]*0.01)*VAR_0)+(([b]*0.01)*VAR_1)=[c],VAR_0+VAR_1=[d]	{'[a]': '60.0', '[b]': '90.0', '[c]': '32.4', '[d]': '50.0'}	[8.0]
A student works [a] part-time jobs . He earns [b] dollars an hour working at the college library and [c] dollars and hour for construction work . To save time for study , be limits his work to [d] hours a week . If he enjoys the work at the library more , how many hours can he work at the library and still earn at [e] dollars a week ?	([b]*VAR_1)+([c]*VAR_0)=[e],VAR_1+VAR_0=[d]	{'[a]': '2.0', '[b]': '8.0', '[c]': '15.0', '[d]': '25.0', '[e]': '300.0'}	[10.0]
There are some 2-dollar coins and some 5-dollar coins . There are [a] coins , which give a total amount of [b] dollars . How many 2-dollar coins are there ? How many 5-dollar coins are there ?	(2.0*VAR_1)+(5.0*VAR_0)=[b],VAR_1+VAR_0=[a]	{'[a]': '40.0', '[b]': '125.0'}	[25.0,15.0]
At a hotel one night , [a] rooms were booked . Some were single rooms and some were double rooms . The single rooms cost [b] dollars each and the double rooms cost [c] dollars . The hotel made [d] dollars that night . How many single rooms and double rooms were booked ?	([b]*VAR_1)+([c]*VAR_0)=[d],VAR_1+VAR_0=[a]	{'[a]': '260.0', '[b]': '35.0', '[c]': '60.0', '[d]': '14000.0'}	[64.0,196.0]
[a] of a certain number is [b] more than [c] of a number . Find the number.	[a]*VAR_0=([c]*VAR_0)+[b]	{'[a]': '0.5', '[b]': '10.0', '[c]': '0.1667'}	[30.0]
One gallon container is full of a [a] % alcohol solution . How much must be drained off and replaced by a [b] % alcohol solution to produce one gallon of [c] % alcohol solution ?	[a]*0.01*VAR_1+[b]*0.01*VAR_0=[c]*0.01*1.0,VAR_1+VAR_0=1.0	{'[a]': '75.0', '[b]': '50.0', '[c]': '65.0'}	[0.4]
An investor will invest a total of [a] dollars in [b] accounts , one paying [c] % annual simple interest and the other [d] % . If he wants to earn [e] dollars annual interest , how much should he invest at [c] % ? How much at [d] % ?	(([d]*0.01)*VAR_1)+(([c]*0.01)*VAR_0)=[e],VAR_1+VAR_0=[a]	{'[a]': '15000.0', '[b]': '2.0', '[c]': '4.0', '[d]': '3.0', '[e]': '550.0'}	[10000.0,5000.0]
Stan invested [a] dollars , part at [b] % and part at [c] % . If the total interest at the end of the year is [d] dollars , how much did he invest at [b] % ? How much at [c] % ?	(([c]*0.01)*VAR_1)+(([b]*0.01)*VAR_0)=[d],VAR_1+VAR_0=[a]	{'[a]': '17000.0', '[b]': '18.0', '[c]': '4.0', '[d]': '1380.0'}	[5000.0,12000.0]
Red cards are worth [a] credits , while blue cards are worth [b] credits . You need any combination of [c] cards to play a game . With [d] credits to buy cards , how many blue cards will you have when you play ? how many red cards will you have when you play ?	([b]*VAR_0)+([a]*VAR_1)=[d],VAR_0+VAR_1=[c]	{'[a]': '3.0', '[b]': '5.0', '[c]': '20.0', '[d]': '84.0'}	[12.0,8.0]
Ron and Kathy are ticket-sellers , Ron handling student tickets that sell for [a] dollars each and Kathy selling adult tickets for [b] dollars each . If their total income for [c] tickets was [d] dollars , how many did Ron sell ?	([a]*VAR_1)+([b]*VAR_0)=[d],VAR_1+VAR_0=[c]	{'[a]': '2.0', '[b]': '4.5', '[c]': '20.0', '[d]': '60.0'}	[12.0]
Juan and Peter both leave a shopping center at the same time going in opposite directions . Juan is on his bike and travels [a] miles per hour faster than Peter who is on his skateboard . After [b] hours they are [c] miles apart . How fast does Peter travel ?	([b]*VAR_0)+([b]*VAR_1)=[c],VAR_0=[a]+VAR_1	{'[a]': '3.0', '[b]': '1.5', '[c]': '19.5'}	[5.0]
An ice skating rink charges [a] dollars for admission and [b] dollars to rent skates . Jill can purchase a new pair of skates for [c] dollars . How many times would she need to go the rink to justify buying the skates rather than renting a pair ?	[c]/[b]=VAR_0	{'[a]': '5.0', '[b]': '2.5', '[c]': '65.0'}	[26.0]
Pencils cost [a] dollars per carton and erasers cost [b] dollars per carton . If an order comes in for a total of [c] cartons for [d] dollars , what was the specific number of cartons of pencils ?	([a]*VAR_1)+([b]*VAR_0)=[d],VAR_1+VAR_0=[c]	{'[a]': '6.0', '[b]': '3.0', '[c]': '100.0', '[d]': '360.0'}	[20.0]
Find two numbers whose sum is [a] and whose difference is [b]	VAR_0+VAR_1=[a],VAR_0-VAR_1=[b]	{'[a]': '106.0', '[b]': '64.0'}	[85.0,21.0]
Walt made an extra [a] dollars last year from a part-time job . He invested part of the money at [b] % and the rest at [c] % . He made a total of [d] dollars in interest . How much was invested at [c] % ?	(([b]*0.01)*VAR_1)+(([c]*0.01)*VAR_0)=[d],VAR_1+VAR_0=[a]	{'[a]': '9000.0', '[b]': '9.0', '[c]': '8.0', '[d]': '770.0'}	[4000.0]
[a] of a number is [b] more than [c] of the number . Find the number.	[a]*VAR_0=[b]+([c]*VAR_0)	{'[a]': '0.5', '[b]': '2.0', '[c]': '0.25'}	[8.0]
A small publishing company is planning to publish a new book . The production costs will include one-time fixed costs and variable costs . The one-time fixed costs will amount to [a] dollars . The variable costs will be [b] dollars per book . The publisher will sell the finished product to bookstores at a price of [c] dollars per book . How many books must the publisher print and sell so that the production costs will equal the money obtained from sales ?	([c]*VAR_0)-([b]*VAR_0)=[a]	{'[a]': '35630.0', '[b]': '11.5', '[c]': '20.25'}	[4072.0]
A car rents for [a] dollars per day plus [b] cents per mile . You are on a daily budget of [c] dollars . What mileage can you go and stay within your budget ?	[a]+([b]*0.01*VAR_0)=[c]	{'[a]': '30.0', '[b]': '23.0', '[c]': '76.0'}	[200.0]
An employment agency specializing in temporary construction help pays heavy equipment operators [a] dollars per day and general laborers [b] dollars per day . If [c] people were hired and the payroll was [d] dollars , how many heavy equipment operators were employed ? How many laborers were employed ?	([a]*VAR_1)+([b]*VAR_0)=[d],VAR_1+VAR_0=[c]	{'[a]': '140.0', '[b]': '90.0', '[c]': '35.0', '[d]': '3950.0'}	[16.0,19.0]
The sum of two numbers is [a] . The difference of twice of one of them and the other one is [b] . Find both numbers.	(2.0*VAR_0)-VAR_1=[b],VAR_0+VAR_1=[a]	{'[a]': '85.0', '[b]': '5.0'}	[30.0,55.0]
A 5-pound bag of apples costs [a] dollars . At the same rate , what would be the cost of [b] pounds of apples in dollars ?	5.0*VAR_0=[a],[b]*VAR_0=VAR_1	{'[a]': '3.5', '[b]': '7.0'}	[4.9]
Flying with the wind , a bird was able to make [a] kilometers per hour . If the wind was [b] times as strong and the bird flies against it , it could make only [c] kilometers per hour . Find the velocity of the wind in kilometers per hour . Find the velocity of the bird .	VAR_0+VAR_1=[a],VAR_0-([b]*VAR_1)=[c]	{'[a]': '150.0', '[b]': '0.5', '[c]': '30.0'}	[80.0,70.0]
Michael rented a truck for one day . There was a rental fee of [a] dollars , and there also was a charge of [b] cents for each mile . Michael paid [c] dollars when he returned the truck . For how many miles did he drive the truck ?	[a]+(([b]*0.01)*VAR_0)=[c]	{'[a]': '20.99', '[b]': '25.0', '[c]': '95.74'}	[299.0]
They charged [a] dollars for adults and [b] dollars for children . [c] adults and children attended , and [d] dollars was made from ticket sales . How many children and adults went to the film premiere ?	([b]*VAR_1)+([a]*VAR_0)=[d],VAR_1+VAR_0=[c]	{'[a]': '7.0', '[b]': '5.0', '[c]': '127.0', '[d]': '839.0'}	[25.0,102.0]
A local bus tour sold [a] tickets . Senior citizen tickets cost [b] dollars and regular tickets cost [c] dollars . The total sales were [d] dollars . How many senior citizen tickets were sold ? How many regular tickets were sold ?	([b]*VAR_1)+([c]*VAR_0)=[d],VAR_1+VAR_0=[a]	{'[a]': '65.0', '[b]': '10.0', '[c]': '15.0', '[d]': '855.0'}	[24.0,41.0]
Tony planted a [a] foot tree . The tree grows at a rate of [b] feet every year . How many years will it take to be [c] feet ?	[a]+([b]*VAR_0)=[c]	{'[a]': '4.0', '[b]': '5.0', '[c]': '29.0'}	[5.0]
Safety Rent A Truck costs [a] dollars plus [b] dollars per mile . City Rentals rents the truck for [c] dollars plus [d] dollars per mile . For what mileage are the costs the same ?	[a]+([b]*VAR_0)=[c]+([d]*VAR_0)	{'[a]': '41.95', '[b]': '0.29', '[c]': '38.95', '[d]': '0.31'}	[150.0]
A plane travels due East at [a] miles per hour and another plane travels due west at [b] miles per hour . If they leave at the same time , and from the same place , in how many hours will they be [c] miles apart ?	([a]*VAR_0)+([b]*VAR_0)=[c]	{'[a]': '325.0', '[b]': '275.0', '[c]': '2100.0'}	[3.5]
The difference between [a] times a number and [b] is [c] . Find the number.	([a]*VAR_0)-(-8.0)=(-12.0)	{'[a]': '2.0', '[b]': '-8.0', '[c]': '-12.0'}	[-10.0]
A painting is [a] inches tall and [b] inches wide . A print of the painting is [c] inches tall , how wide is the print in inches ?	[a]*VAR_0=[b],[c]*VAR_0=VAR_1	{'[a]': '10.0', '[b]': '15.0', '[c]': '25.0'}	[37.5]
Colored copies cost [a] cents per copy and white copies cost [b] cents per copy . Sandy made [c] copies , some of which were colored and the rest white . Her total bill was [d] dollars . How many colored copies and white copies did she make ?	([a]*.01*VAR_0)+([b]*.01*VAR_1)=[d],VAR_0+VAR_1=[c]	{'[a]': '10.0', '[b]': '5.0', '[c]': '400.0', '[d]': '22.5'}	[50.0,350.0]
In college there are [a] times as many students as professors . If together the students and professors number [b] , how many students are there in college ?	[a]*VAR_0=VAR_1,VAR_1+VAR_0=[b]	{'[a]': '15.0', '[b]': '40000.0'}	[37500.0]
At its Grand Opening , the Guthrie Market distributed two different types of souvenirs . One type cost [a] cents each , and the other type cost [b] cents each . One thousand souvenirs were distributed in all . If the cost of these souvenirs was [c] dollars . How many of [a] cents and [b] cents souveniers were distributed ?	([a]*.01*VAR_0)+([b]*.01*VAR_1)=[c],VAR_0+VAR_1=1000.0	{'[a]': '20.0', '[b]': '25.0', '[c]': '220.0'}	[600.0,400.0]
[a] tickets were sold for the Class of [b] ice cream picnic . Each student ticket costs [c] dollars each , and each non-student ticket costs [d] dollars each . A total of [e] dollars was collected . How many student tickets were sold ?	([c]*VAR_1)+([d]*VAR_0)=[e],VAR_1+VAR_0=[a]	{'[a]': '193.0', '[b]': '2003.0', '[c]': '0.5', '[d]': '1.5', '[e]': '206.5'}	[83.0]
A washer and a dryer cost [a] dollars combined . The price of the washer is [b] times the price of the dryer . What is the cost of the dryer ?	VAR_1+VAR_0=[a],VAR_1=[b]*VAR_0	{'[a]': '600.0', '[b]': '3.0'}	[150.0]
Tickets for a ballet performance cost [a] dollars for adults and [b] dollars for students . If total receipts from the sale of [c] tickets were [d] dollars , how many adult tickets were sold ? How many student tickets were sold ?	([a]*VAR_0)+([b]*VAR_1)=[d],VAR_0+VAR_1=[c]	{'[a]': '14.0', '[b]': '12.0', '[c]': '605.0', '[d]': '8390.0'}	[565.0,40.0]
Apples cost [a] dollars per pound and grapes cost [b] dollars per pound . Jenny bought [c] pounds of fruit and paid [d] dollars . How many pounds of apples did she buy ? How many pounds of grapes ?	([a]*VAR_0)+([b]*VAR_1)=[d],VAR_0+VAR_1=[c]	{'[a]': '0.6', '[b]': '1.0', '[c]': '12.0', '[d]': '10.0'}	[5.0,7.0]
Three times a number is the same as the difference of twice the number and seven . Find the number.	3.0*VAR_0=(2.0*VAR_0)-7.0	{}	[-7.0]
[a] of a number is [b] . What is the number ?	[a]*VAR_0=(-60.0)	{'[a]': '0.833', '[b]': '-60.0'}	[-72.0]
The sum of two numbers is [a] . The larger number is [b] less than twice the smaller number . Find the numbers.	VAR_1+VAR_0=[a],VAR_0=(2.0*VAR_1)-[b]	{'[a]': '104.0', '[b]': '1.0'}	[35.0,69.0]
The sum of [a] and a number is [b] .	[a]+VAR_0=[b]	{'[a]': '20.0', '[b]': '30.0'}	[10.0]
[a] times a number is added to [b] times a number to get [c] . The second number is [d] less than the first . What is the smaller number ? What is the larger number ?	([a]*VAR_0)+([b]*VAR_1)=[c],VAR_1=VAR_0-[d]	{'[a]': '3.0', '[b]': '5.0', '[c]': '54.0', '[d]': '2.0'}	[6.0,8.0]
How many liters of a [a] % acid solution must be mixed with a [b] % acid solution to get [c] liters of a [d] % solution ?	([a]*.01*VAR_1)+[b]*0.01*VAR_0=[d]*0.01*[c],VAR_1+VAR_0=[c]	{'[a]': '60.0', '[b]': '75.0', '[c]': '20.0', '[d]': '72.0'}	[4.0]
A manufacturer produces two models of the same toy , Model A and Model B . Model A takes [a] hours to produce and costs [b] dollars each . Model B takes [c] hours to produce and costs [d] dollars each . If the manufacturer allots a total of [e] hours and [f] dollars for production each week , how many of each model will be produced ?	([a]*VAR_0)+([c]*VAR_1)=[e],([b]*VAR_0)+([d]*VAR_1)=[f]	{'[a]': '4.0', '[b]': '8.0', '[c]': '3.0', '[d]': '7.0', '[e]': '5800.0', '[f]': '12600.0'}	[700.0,1000.0]
An amusement park sells [a] kinds of tickets . Tickets for children cost [b] dollars . Adult tickets cost [c] dollars . On a certain day , [d] people entered the park . On that same day the admission fees collected totaled [e] dollars . How many children were admitted on that day ? How many adults were admitted ?	([b]*VAR_1)+([c]*VAR_0)=[e],VAR_1+VAR_0=[d]	{'[a]': '2.0', '[b]': '1.5', '[c]': '4.0', '[d]': '278.0', '[e]': '792.0'}	[128.0,150.0]
Post card stamps are [a] dollars each . Letter stamps cost [b] dollars each . If you have [c] stamps worth [d] dollars , how many post card stamps do you have ? How many letter stamps ?	([a]*VAR_1)+([b]*VAR_0)=[d],VAR_1+VAR_0=[c]	{'[a]': '0.2', '[b]': '0.33', '[c]': '50.0', '[d]': '12.6'}	[30.0,20.0]
River Joes 's Seafood Diner charges [a] dollars for a catfish dinner and [b] dollars for an order of popcorn shrimp . After filling [c] orders , River Joe had collected [d] dollars . How many orders of popcorn shrimp and catfish dinners did they sell ?	([b]*VAR_1)+([a]*VAR_0)=[d],VAR_1+VAR_0=[c]	{'[a]': '6.0', '[b]': '3.5', '[c]': '26.0', '[d]': '133.5'}	[9.0,17.0]
For a matinee , a movie theater charges [a] dollars for children and [b] dollars for adults . At today 's matinee , there are [c] more children than adults and the total receipts are [d] dollars . How many children are at today 's matinee ?	([a]*VAR_1)+([b]*VAR_0)=[d],VAR_1=[c]+VAR_0	{'[a]': '4.5', '[b]': '6.75', '[c]': '20.0', '[d]': '405.0'}	[48.0]
The difference between two numbers is [a] . Their sum is [b] . Find the numbers . What is the larger number ? What is the smaller number ?	VAR_0+VAR_1=[b],VAR_0-VAR_1=[a]	{'[a]': '3.0', '[b]': '13.0'}	[8.0,5.0]
Kerry asked a bank teller to cash a [a] dollars check using 20-dollar bills and 50-dollar bills . If the teller gave her a total of [b] bills , how many 20-dollar bills did she get ? How many 50-dollar bills ?	(20.0*VAR_1)+(50.0*VAR_0)=[a],VAR_1+VAR_0=[b]	{'[a]': '390.0', '[b]': '15.0'}	[12.0,3.0]
A theater sold [a] tickets to a play . Floor seats cost [b] dollars each and balcony seats [c] dollars each . Total receipts were [d] dollars . How many floor seats were sold ? How many balcony seats were sold ?	([b]*VAR_1)+([c]*VAR_0)=[d],VAR_1+VAR_0=[a]	{'[a]': '900.0', '[b]': '12.0', '[c]': '10.0', '[d]': '9780.0'}	[390.0,510.0]
A movie theater charges [a] dollars for an adult and [b] dollars for a child 's ticket . One night , [c] tickets were sold for a total of [d] dollars . How many adult tickets were sold ? How many child 's tickets were sold ?	([a]*VAR_0)+([b]*VAR_1)=[d],VAR_0+VAR_1=[c]	{'[a]': '7.0', '[b]': '4.0', '[c]': '900.0', '[d]': '5100.0'}	[500.0,400.0]
Eldora and Finn went to an office supply store together . Eldora bought [a] boxes of paper clips and [b] packages of index cards for a total cost of [c] dollars . Finn bought [d] boxes of paper clips and [e] packages of index cards for a total cost of [f] dollars . Find the cost of one box of paper clips and the cost of one package of index cards.	([a]*VAR_1)+([b]*VAR_0)=[c],([d]*VAR_1)+([e]*VAR_0)=[f]	{'[a]': '15.0', '[b]': '7.0', '[c]': '55.4', '[d]': '12.0', '[e]': '10.0', '[f]': '61.7'}	[1.85,3.95]
The sum of [a] numbers is [b] . The larger number is [a] more than [c] times the smaller number . Find the smaller number . Find the larger number.	VAR_1+VAR_0=[b],VAR_0=([c]*VAR_1)+[a]	{'[a]': '2.0', '[b]': '70.0', '[c]': '3.0'}	[17.0,53.0]
A high school sold gift wrap . The gift wrap in solid colors sold for [a] dollars per roll and the print gift wrap sold for [b] dollars per roll . The total number of rolls sold was [c] rolls , and the total amount of money collected was [d] dollars . How many solid rolls were sold ? How many print rolls were sold ?	([a]*VAR_1)+([b]*VAR_0)=[d],VAR_1+VAR_0=[c]	{'[a]': '4.0', '[b]': '6.0', '[c]': '480.0', '[d]': '2340.0'}	[270.0,210.0]
An embossing shop etches metal with acid solutions . The owner is discussing a certain job with the job supervisor , and they decide to use [a] ounces of a [b] % solution . Upon checking the acid solution supplies , the supervisor has found some [c] % acid solution and some [d] % acid solution , but there is no [b] % acid solution . The owner explains to the supervisor how the two existing solutions can be mixed to obtain a [b] % acid solution . How much of each solution is needed ?	(([c]*0.01)*VAR_1)+(([d]*0.01)*VAR_0)=[b]*0.01*[a],VAR_1+VAR_0=[a]	{'[a]': '30.0', '[b]': '40.0', '[c]': '25.0', '[d]': '50.0'}	[18.0,12.0]
Jane has a dress shop . She has space for [a] dresses . She sells only red and blue dresses . After reading several fashion magazines she decides to stock her shelves with [b] more blue dresses than red dresses . How many blue dresses and red dresses should she stock ?	VAR_0=[b]+VAR_1,VAR_0+VAR_1=[a]	{'[a]': '200.0', '[b]': '34.0'}	[117.0,83.0]
A special tea blend is made from two varieties of herbal tea , one that costs [a] dollars per kilogram and another that costs [b] dollars per kilogram . How many kilograms of each type are needed to make [c] kilograms of a blend worth [d] dollars per kilogram ?	([b]*VAR_0)+([a]*VAR_1)=[c]*[d],VAR_0+VAR_1=[c]	{'[a]': '4.0', '[b]': '2.0', '[c]': '20.0', '[d]': '2.5'}	[5.0,15.0]
The Lakers scored a total of [a] points in a basketball game against the Bulls . The Lakers made a total of [b] baskets , consisting of [c] point baskets and [d] point baskets . How many [c] point baskets did the Lakers make ? How many [d] point baskets did the Lakers make ?	([c]*VAR_1)+([d]*VAR_0)=[a],VAR_1+VAR_0=[b]	{'[a]': '80.0', '[b]': '37.0', '[c]': '2.0', '[d]': '3.0'}	[31.0,6.0]
In [a] week , a music store sold [b] violins for a total of [c] dollars . [d] different types were sold . One cost [e] dollars and the other cost [f] dollars . How many 200-dollar violins were sold ? How many 300-dollar violins were sold ?	([e]*VAR_1)+([f]*VAR_0)=[c],VAR_1+VAR_0=[b]	{'[a]': '1.0', '[b]': '7.0', '[c]': '1600.0', '[d]': '2.0', '[e]': '200.0', '[f]': '300.0'}	[5.0,2.0]
Sunshine Car Rentals rents a basic car at a daily rate of [a] dollars plus [b] per mile . City Rentals rents a basic car at [c] dollars plus [d] per mile . For what mileage is the cost the same ?	[a]+([b]*VAR_0)=[c]+([d]*VAR_0)	{'[a]': '17.99', '[b]': '0.18', '[c]': '18.95', '[d]': '0.16'}	[48.0]
The sum of [a] and twice a number is [b] . Find the number.	[a]+(2.0*VAR_0)=[b]	{'[a]': '38.0', '[b]': '124.0'}	[43.0]
A company 's profit for the first half of the year is [a] dollars greater than the profit for the second half . If the total annual profit is [b] dollars , find the profit for the first half-year and the second half-year .	VAR_0+VAR_1=[b],VAR_0=[a]+VAR_1	{'[a]': '2750000.0', '[b]': '3635000.0'}	[3192500.0,442500.0]
It takes a boat [a] hours to travel [b] miles down a river and [c] hours to return upstream to its starting point . What is the rate of the current in the river ?	(VAR_0+VAR_1)*[a]=[b],(VAR_0-VAR_1)*[c]=[b]	{'[a]': '4.0', '[b]': '24.0', '[c]': '6.0'}	[1.0]
Pat invested a total of [a] dollars . Part of the money yields [b] percent interest per year and the rest yields [c] percent interest per year . If the total yearly interest from this investment is [d] dollars , how much did Pat invest at [b] percent and how much at [c] percent ?	(([c]*0.01)*VAR_1)+(([b]*0.01)*VAR_0)=[d],VAR_1+VAR_0=[a]	{'[a]': '3000.0', '[b]': '10.0', '[c]': '8.0', '[d]': '256.0'}	[800.0,2200.0]
[a] similar tables and [b] similar chairs cost [c] dollars . If the table cost [d] dollars more than a chair , what is the cost , in dollars , of the table ? What is the cost of the chair ?	([a]*VAR_1)+([b]*VAR_0)=[c],[d]+VAR_0=VAR_1	{'[a]': '2.0', '[b]': '6.0', '[c]': '6600.0', '[d]': '500.0'}	[1200.0,700.0]
The state market has [a] more apples than oranges . There are [b] apples and oranges all together . How many apples are in the market ?	VAR_0+VAR_1=[b],VAR_0=[a]+VAR_1	{'[a]': '27.0', '[b]': '301.0'}	[164.0]
Find the number whose double is [a] greater than its half ?	2.0*VAR_0=[a]+0.5*VAR_0	{'[a]': '45.0'}	[30.0]
A carpenter gave an estimate of [a] dollars to build a cover over a patio . His hourly rate is [b] dollars and he expects to need [c] dollars in materials . How many hours will the job take ?	([b]*VAR_0)+[c]=[a]	{'[a]': '980.0', '[b]': '28.0', '[c]': '560.0'}	[15.0]
Adult tickets for a play cost [a] dollars and child tickets cost [b] dollars . If there were [c] people at a performance and the theater collected [d] dollars from ticket sales , how many children attended the play ?	([a]*VAR_0)+([b]*VAR_1)=[d],VAR_0+VAR_1=[c]	{'[a]': '8.0', '[b]': '1.0', '[c]': '22.0', '[d]': '50.0'}	[18.0]
kevin bought [a] muffins and a bottle of juice that cost [b] dollars . He paid a total of [c] dollars . How much did each muffin cost ?	([a]*VAR_0)+[b]=[c]	{'[a]': '3.0', '[b]': '1.45', '[c]': '3.7'}	[0.75]
[a] blend of coffee sells for [b] dollars per pound and another blend sells for [c] dollars per pound . You want to make a [d] pound blend that sells for [e] dollars per pound . How many pounds of the [c] dollars per pound coffee do you need ? How many pounds of the [b] dollars per pound coffee do you need ?	([c]*VAR_0)+([b]*VAR_1)=[d]*[e],VAR_0+VAR_1=[d]	{'[a]': '1.0', '[b]': '9.0', '[c]': '8.0', '[d]': '20.0', '[e]': '8.4'}	[12.0,8.0]
The tallest player on the basketball team is [a] inches tall . This is [b] inches taller than the shortest player . How tall is the shortest player , in inches ?	VAR_0=[a]-[b]	{'[a]': '77.75', '[b]': '9.5'}	[68.25]
[a] of a number decreased by [b] is equal to [c] . Find the number.	([a]*VAR_0)-[b]=[c]	{'[a]': '0.2', '[b]': '4.0', '[c]': '6.0'}	[50.0]
The sum of the numbers of boys and girls in a class is [a] . If twice the number of girls exceeds the number of boys by [b] , find the number of girls in the class . Find the number of boys .	2.0*VAR_1=[b]+VAR_0,VAR_0+VAR_1=[a]	{'[a]': '36.0', '[b]': '12.0'}	[16.0,20.0]
The probability that San Francisco plays in the next super bowl is nine times the probability that they do not play in the next super bowl . The probability that San Francisco plays in the next super bowl plus the probability that they do not play is [a] . What is the probability that San Francisco plays in the next super bowl ?	VAR_1+VAR_0=[a],VAR_1=9.0*VAR_0	{'[a]': '1.0'}	[0.9]
If [a] apples and [b] oranges equals [c] dollars and [b] apples and [d] orange equals [e] dollars , how much does each apple and each orange cost ?	([a]*VAR_0)+([b]*VAR_1)=[c],([b]*VAR_0)+([d]*VAR_1)=[e]	{'[a]': '4.0', '[b]': '2.0', '[c]': '1.0', '[d]': '3.0', '[e]': '0.7'}	[0.2,0.1]
A washer-dryer combination costs [a] dollars . If the washer costs [b] dollars more than the dryer , what does the washer cost ? How much does the dryer cost ?	VAR_1+VAR_0=[a],VAR_1=[b]+VAR_0	{'[a]': '1200.0', '[b]': '220.0'}	[710.0,490.0]
There are [a] animals in a barnyard . Some are chickens and some are cows . There are [b] legs in all . How many chickens and cows are in the barnyard ?	(2.0*VAR_0)+(4.0*VAR_1)=[b],VAR_0+VAR_1=[a]	{'[a]': '11.0', '[b]': '38.0'}	[3.0,8.0]
Riza was [a] when her first son was born . Today the sum of their ages is [b] . How old is Riza and her son now ?	VAR_0+VAR_1=[b],VAR_0=[a]+VAR_1	{'[a]': '25.0', '[b]': '105.0'}	[65.0,40.0]
Each unit of grain A contains [a] grams of fat and [b] calories , and unit B has [c] grams of fat and [d] calories . If the final product is to provide [e] grams of fat and [f] calories , how much of grain A and how much of grain B should be used .	([a]*VAR_0)+([c]*VAR_1)=[e],([b]*VAR_0)+([d]*VAR_1)=[f]	{'[a]': '2.0', '[b]': '80.0', '[c]': '3.0', '[d]': '60.0', '[e]': '18.0', '[f]': '480.0'}	[3.0,4.0]
Freeport McMoran projects that in [a] the world grain supply will be [b] metric tons and the supply will be only [c] of the world grain demand . What will the world grain demand be in [a] ?	[b]=[c]*VAR_0	{'[a]': '2010.0', '[b]': '1800000.0', '[c]': '0.75'}	[2400000.0]
One canned juice drink is [a] % orange juice ; another is [b] % orange juice . How many liters of each should be mixed together in order to get [c] liters that is [d] % orange juice ?	(([a]*VAR_0)*0.01)+(([b]*VAR_1)*0.01)=([c]*[d])*0.01,VAR_0+VAR_1=[c]	{'[a]': '30.0', '[b]': '5.0', '[c]': '25.0', '[d]': '10.0'}	[5.0,20.0]
A motorist drove [a] hours at one speed and then for [b] hours at another speed . He covered a distance of [c] kilometers . If he had travelled [d] hours at the first speed and [e] hour at the second speed , he would have covered [f] kilometers . Find two speeds ?	([a]*VAR_0)+([b]*VAR_1)=[c],([d]*VAR_0)+([e]*VAR_1)=[f]	{'[a]': '2.0', '[b]': '3.0', '[c]': '252.0', '[d]': '4.0', '[e]': '1.0', '[f]': '244.0'}	[48.0,52.0]
Juliet has a choice between receiving an [a] dollars monthly salary from Furniture by Design or a base salary of [b] dollars and a [c] % commission on the amount of furniture she sells during the month . For what amount of sales will the [d] choices be equal ?	[b]+([c]*0.01*VAR_0)=[a]	{'[a]': '1800.0', '[b]': '1600.0', '[c]': '4.0', '[d]': '2.0'}	[5000.0]
You have [a] total items that consist of hats and boots . The total cost is [b] dollars . Boots cost [c] dollars and hats cost [d] dollars . How many boots are there ? How many hats ?	([c]*VAR_0)+([d]*VAR_1)=[b],VAR_1+VAR_0=[a]	{'[a]': '30.0', '[b]': '190.0', '[c]': '9.0', '[d]': '5.0'}	[10.0,20.0]
A [a] ounce can of cranberry juice sells for [b] cents . Give the unit cost in cents per ounce.	VAR_0=[b]/[a]	{'[a]': '12.0', '[b]': '84.0'}	[7.0]
Pencils cost [a] cents a piece . Pens cost [b] cents a piece . Susan spent [c] dollars for a total of [d] pens and pencils . How many pencils did she buy ?	([a]*.01*VAR_0)+([b]*0.01*VAR_1)=[c],VAR_0+VAR_1=[d]	{'[a]': '25.0', '[b]': '80.0', '[c]': '20.0', '[d]': '36.0'}	[16.0]
Safety Rent-a-Car rents an intermediate-size car at a daily rate of [a] dollars plus [b] per mile . City Rentals rent an intermediate-size car for [c] dollars plus [d] per mile . For what milage is the cost the same ?	[a]+([b]*VAR_0)=[c]+([d]*VAR_0)	{'[a]': '21.95', '[b]': '0.19', '[c]': '18.95', '[d]': '0.21'}	[150.0]
Angus invested [a] dollars , part at [b] % and part at [c] % . If the total interest at the end of the year is [d] dollars , how much did he invest at [b] % ? At [c] % ?	([b]*0.01*VAR_1)+([c]*0.01*VAR_0)=[d],VAR_1+VAR_0=[a]	{'[a]': '18000.0', '[b]': '3.0', '[c]': '5.0', '[d]': '660.0'}	[12000.0,6000.0]
Together , Jane and Jill have [a] dolls . Jill has [b] more dolls than Jane does . How many dolls does Jane have ? How many does Jill have ?	VAR_0+VAR_1=[a],VAR_1=[b]+VAR_0	{'[a]': '32.0', '[b]': '6.0'}	[13.0,19.0]
Two airplanes left the same airport traveling in opposite directions . If one airplane averages [a] miles per hour and the other [b] miles per hour , how many hours will it take for the distance between them be [c] miles ?	([b]*VAR_0)+([a]*VAR_0)=[c]	{'[a]': '400.0', '[b]': '250.0', '[c]': '1625.0'}	[2.5]
In a basketball game , Will scored [a] points , consisting only of 3-point shots and 2-point shots . He made a total of [b] shots . How many 3-point shots did he make ? How many 2-point shots did he make ?	(3.0*VAR_0)+(2.0*VAR_1)=[a],VAR_0+VAR_1=[b]	{'[a]': '26.0', '[b]': '11.0'}	[4.0,7.0]
One number is [a] more than twice a second number . Their sum is [b] . Find the smaller number . Find the larger number.	VAR_0+VAR_1=[b],VAR_0=(2.0*VAR_1)+[a]	{'[a]': '3.0', '[b]': '27.0'}	[8.0,19.0]
Lakota bought [a] new compact disks and [b] used compact disks for [c] dollars . At the same prices , Mackenzie bought [d] new compact disks and [e] used compact disks for [f] dollars . Find the cost of buying a single used compact disk .	([a]*VAR_0)+([b]*VAR_1)=[c],([d]*VAR_0)+([e]*VAR_1)=[f]	{'[a]': '6.0', '[b]': '2.0', '[c]': '127.92', '[d]': '3.0', '[e]': '8.0', '[f]': '133.89'}	[9.99]
A garden table and a bench cost [a] dollars combined . The price of the garden table is [b] times the price of the bench . What is the cost of the bench , in dollars ?	VAR_1+VAR_0=[a],VAR_1=[b]*VAR_0	{'[a]': '450.0', '[b]': '2.0'}	[150.0]
Rowan can row [a] kilometers downstream in [b] hours . Returning upstream it takes [c] hours to complete the trip . Find his rate in still water in kilometers per hour and the rate of the current.	(VAR_1+VAR_0)*[b]=[a],(VAR_1-VAR_0)*[c]=[a]	{'[a]': '26.0', '[b]': '2.0', '[c]': '4.0'}	[9.75,3.25]
Manuel opened a savings account with an initial deposit of [a] dollars . If he wants to save [b] dollars during the next [c] weeks , how much must he save each week , in dollars ?	[a]+([c]*VAR_0)=[b]	{'[a]': '177.0', '[b]': '500.0', '[c]': '19.0'}	[17.0]
The first agency charges [a] dollars per day and [b] dollars per mile . The second agency charges [c] dollars per day and [d] dollars per mile . How many miles would you have to drive before the first agency is less expensive than the second ?	[a]+([b]*VAR_0)=[c]+([d]*VAR_0)	{'[a]': '20.25', '[b]': '0.14', '[c]': '18.25', '[d]': '0.22'}	[25.0]
Tickets for a concert were priced at [a] dollars for students and [b] dollars for non-students . There were [c] tickets sold for a total of [d] dollars . How many student tickets were sold ? How many non-student tickets ?	([a]*VAR_1)+([b]*VAR_0)=[d],VAR_1+VAR_0=[c]	{'[a]': '7.0', '[b]': '10.0', '[c]': '2000.0', '[d]': '17339.0'}	[887.0,1113.0]
A weight of [a] pounds stretches a spring [b] inches . How far will a weight of [c] pounds stretch the spring ?	[a]*VAR_1=[b],[c]*VAR_1=VAR_0	{'[a]': '80.0', '[b]': '4.5', '[c]': '125.0'}	[7.03]
To buy both a new car and a new house , Tina sought two loans totaling [a] dollars . The simple interest rate on the first loan was [b] % , while the simple interest rate on the second loan was [c] % . At the end of the first year , Tina paid a combined interest payment of [d] dollars . What were the amounts of the two loans ?	(([b]*0.01)*VAR_1)+(([c]*0.01)*VAR_0)=[d],VAR_1+VAR_0=[a]	{'[a]': '318338.0', '[b]': '2.4', '[c]': '4.7', '[d]': '14761.81'}	[8695.65,309642.35]
A math test is worth [a] points and has [b] problems . Each problem is worth either [c] points or [d] points . How many [d] point problems are there ?	([c]*VAR_1)+([d]*VAR_0)=[a],VAR_1+VAR_0=[b]	{'[a]': '100.0', '[b]': '30.0', '[c]': '3.0', '[d]': '4.0'}	[10.0]
Two investments earn an annual income of [a] dollars . One investment earns an annual simple interest rate of [b] % , and the other investment earns an annual simple interest rate of [c] % . The amount invested is [d] dollars . How much money is invested in the first investment and second investment respectively ?	([b]*.01*VAR_0)+([c]*.01*VAR_1)=[a],VAR_0+VAR_1=[d]	{'[a]': '575.0', '[b]': '8.5', '[c]': '6.4', '[d]': '8000.0'}	[3000.0,5000.0]
A [a] seat theater charges [b] dollars for adults and [c] dollars for children . If all seats were filled and the total ticket income was [d] dollars how many adults and children were in the audience ?	([b]*VAR_0)+([c]*VAR_1)=[d],VAR_0+VAR_1=[a]	{'[a]': '200.0', '[b]': '3.0', '[c]': '1.5', '[d]': '510.0'}	[140.0,60.0]
Norbert sold [a] books on Thursday for a certain price . On Friday , he sold [b] of the same books , but he charged [c] dollars less per book . He made [d] dollars in total . How much did the book sell for on Thursday ? How much did the book sell for on Friday ?	([a]*VAR_1)+([b]*VAR_0)=[d],VAR_1-[c]=VAR_0	{'[a]': '23.0', '[b]': '35.0', '[c]': '0.5', '[d]': '490.0'}	[8.75,8.25]
A mechanic charged [a] dollars an hour , plus [b] dollars for the parts . If the total bill was [c] dollars , how man hours did the job take ?	([a]*VAR_0)+[b]=[c]	{'[a]': '45.0', '[b]': '225.0', '[c]': '450.0'}	[5.0]
You buy [a] boxes of candy and spend [b] dollars . A box of peppermint cost [c] dollars a box and candy canes cost [d] dollars a box . How many boxes of peppermint did you buy ? How many boxes of candy canes ?	([c]*VAR_1)+([d]*VAR_0)=[b],VAR_1+VAR_0=[a]	{'[a]': '25.0', '[b]': '28.0', '[c]': '1.0', '[d]': '1.3'}	[15.0,10.0]
The carpenter saws a board that is [a] feet long into two pieces . One piece is to be [b] foot longer than twice the length of the shorter piece . Find the Length of each piece.	VAR_0+VAR_1=[a],VAR_0=(2.0*VAR_1)+[b]	{'[a]': '22.0', '[b]': '1.0'}	[7.0,15.0]
Two planes start from Chicago at the same time and fly in opposite directions , one averaging a speed of [a] miles per hour greater than the other . If they are [b] miles apart after [c] hours , find their average speeds .	([c]*VAR_0)+([c]*VAR_1)=[b],VAR_0=[a]+VAR_1	{'[a]': '40.0', '[b]': '2000.0', '[c]': '5.0'}	[180.0,220.0]
Soybean meal is [a] % protein and cornmeal is [b] % . How many pounds of each should be mixed together in order to get a [c] pound mixture that is [d] % protein ?	(([a]*0.01)*VAR_1)+(([b]*0.01)*VAR_0)=([c]*[d])*0.01,VAR_1+VAR_0=[c]	{'[a]': '16.0', '[b]': '8.0', '[c]': '320.0', '[d]': '15.0'}	[280.0,40.0]
Mary can purchase roses and daisies from a flower shop . She can buy four roses and five daisies for [a] dollars or two roses and six daisies for [b] dollars . What is the individual cost for each rose and daisy ?	(4.0*VAR_1)+(5.0*VAR_0)=[a],(2.0*VAR_1)+(6.0*VAR_0)=[b]	{'[a]': '7.9', '[b]': '5.7'}	[1.35,0.5]
Soybean meal is [a] % protein , cornmeal is [b] % protein . How many pounds of each Soybean meal and how many pounds of cornmeal should be mixed together in order to get 360-pound mixture that is [c] % protein ?	(([a]*0.01)*VAR_1)+(([b]*0.01)*VAR_0)=(360.0*[c])*0.01,VAR_1+VAR_0=360.0	{'[a]': '18.0', '[b]': '9.0', '[c]': '17.0'}	[320.0,40.0]
A dealer has some hard candy worth [a] dollars a pound and some worth [b] dollars a pound . He wishes to make a mixture of [c] pounds that he can sell for [d] dollars a pound . How many pounds of 2-dollar candy does he need ? How many pounds of 3-dollar candy does he need ?	([a]*VAR_1)+([b]*VAR_0)=[c]*[d],VAR_1+VAR_0=[c]	{'[a]': '2.0', '[b]': '3.0', '[c]': '80.0', '[d]': '2.2'}	[64.0,16.0]
On a college entrance exam , each correct answer adds [a] point to your raw score , each unanswered question adds nothing and each incorrect answer subtracts [b] point . You answer [c] out of [d] questions for a raw score of [e] . How many questions did you answer correctly ?	([a]*VAR_0)-([b]*VAR_1)=[e],VAR_0+VAR_1=[c]	{'[a]': '1.0', '[b]': '0.25', '[c]': '82.0', '[d]': '85.0', '[e]': '67.0'}	[70.0]
Your science test is worth [a] points and contains [b] questions . There are two-point and five-point questions on the test . How many two-point questions and five-point questions are on the test ?	(2.0*VAR_1)+(5.0*VAR_0)=[a],VAR_1+VAR_0=[b]	{'[a]': '100.0', '[b]': '38.0'}	[30.0,8.0]
The 6th graders from an elementary school are going to celebrate the end of the year by going to the local pizza parlor . There are [a] in the whole group and there are twice as many children as adults in the group . How many children are there ?	VAR_1+VAR_0=[a],VAR_1=2.0*VAR_0	{'[a]': '120.0'}	[80.0]
A plane is using fuel at the rate of [a] gallons per hour and it has [b] gallons left in its tank . How long can the plane continue to fly ?	[a]*VAR_0=[b]	{'[a]': '9.5', '[b]': '6.3333'}	[0.6667]
[a] is [b] less than [c] times a number . Find the number.	([c]*VAR_0)-[b]=[a]	{'[a]': '17.0', '[b]': '4.0', '[c]': '8.0'}	[2.625]
Jerry Weller received [a] more votes than opponent John Pavich . If the total number of votes was [b] , find the number of votes for Jerry . Find the number of votes for John .	VAR_0+VAR_1=[b],VAR_0=[a]+VAR_1	{'[a]': '20196.0', '[b]': '196554.0'}	[108375.0,88179.0]
One thousand quarts of milk testing [a] % butterfat are to be reduced to [b] % . How many quarts of cream testing [c] % butterfat must be separated from the milk to produce the required result ?	(([b]*VAR_1)*0.01)+(([c]*VAR_0)*0.01)=(1000.0*[a])*0.01,VAR_1+VAR_0=1000.0	{'[a]': '4.0', '[b]': '3.0', '[c]': '23.0'}	[50.0]
A plane flies [a] miles with a tail wind in [b] hours . The same plane takes [c] hours to make the return trip against the wind . What is the speed of the plane in still air ?	(VAR_0+VAR_1)*[b]=[a],(VAR_0-VAR_1)*[c]=[a]	{'[a]': '900.0', '[b]': '3.0', '[c]': '4.0'}	[262.5]
Two rainstorms occurred in one week in a certain area . In the first storm [a] milliliters of rain fell per hour , and in the second storm [b] milliliters of rain fell per hour . Rain fell that week for a total of [c] hours , for a total rainfall of [d] milliliters . How many hours was the first storm and the second storm .	([a]*VAR_1)+([b]*VAR_0)=[d],VAR_1+VAR_0=[c]	{'[a]': '30.0', '[b]': '15.0', '[c]': '45.0', '[d]': '975.0'}	[20.0,25.0]
A swim team has [a] times as many girls as boys . There are a total of [b] people on the swim team . How many girls and boys are their on the team ?	VAR_1+VAR_0=[b],VAR_1=[a]*VAR_0	{'[a]': '5.0', '[b]': '96.0'}	[80.0,16.0]
Jerome bought [a] CDs . Some cost [b] ea . and the rest cost [c] each . How many CDs were bought at each price if he spent [d] dollars ?	([c]*VAR_1)+([b]*VAR_0)=[d],VAR_1+VAR_0=[a]	{'[a]': '12.0', '[b]': '7.5', '[c]': '6.5', '[d]': '82.0'}	[4.0,8.0]
A girl saves 1-dollar coins and 2-dollar coins . She takes it to a bank , she has [a] coins in total that equals [b] dollars . How many 1-dollar coins are there ? How many 2-dollar coins are there ?	(1.0*VAR_0)+(2.0*VAR_1)=[b],VAR_0+VAR_1=[a]	{'[a]': '180.0', '[b]': '260.0'}	[100.0,80.0]
There are [a] known nesting pairs of bald eagles in the lower [b] states today . This is [c] more pairs than in [d] . How many nesting pairs of bald eagles were there in the lower [b] states in [d] ?	[c]+VAR_0=[a]	{'[a]': '7066.0', '[b]': '48.0', '[c]': '6649.0', '[d]': '1963.0'}	[417.0]
On a test containing [a] questions , the final score is based on [b] point for each correct answer and [c] of a point subtracted for each incorrect answer . Allan answered all of the questions and received a final score of [d] points . How many questions did Allan answer correctly ?	([b]*VAR_0)-([c]*VAR_1)=[d],VAR_0+VAR_1=[a]	{'[a]': '120.0', '[b]': '1.0', '[c]': '0.25', '[d]': '100.0'}	[104.0]
The larger of two numbers is [a] less than twice the smaller . The sum of the two numbers is [b] . Find the two numbers.	(2.0*VAR_1)-[a]=VAR_0,VAR_1+VAR_0=[b]	{'[a]': '23.0', '[b]': '70.0'}	[31.0,39.0]
A garden table and a bench cost [a] combined . The price of the garden table is two times the price of the bench . What is the cost of the bench ?	VAR_1+VAR_0=[a],VAR_1=2.0*VAR_0	{'[a]': '750.0'}	[250.0]
The sum of [a] and a number is [b] . Find the number.	[a]+VAR_0=[b]	{'[a]': '5.0', '[b]': '20.0'}	[15.0]
[a] people attend a banquet at Disney . Residents paid [b] dollars and non-residents paid [c] dollars . If Disney made [d] dollars from ticket sales for the event , how many residents and non-residents attended ?	([b]*VAR_1)+([c]*VAR_0)=[d],VAR_1+VAR_0=[a]	{'[a]': '586.0', '[b]': '12.95', '[c]': '17.95', '[d]': '9423.7'}	[219.0,367.0]
A cashier at Apex Parts received a check for [a] dollars for [b] parts . Some parts cost [c] dollars per part and other parts cost [d] dollars per part . How many 20-dollar parts are in the order ? How many 50-dollar parts are in the order ?	([c]*VAR_1)+([d]*VAR_0)=[a],VAR_1+VAR_0=[b]	{'[a]': '2380.0', '[b]': '59.0', '[c]': '20.0', '[d]': '50.0'}	[19.0,40.0]
Goran will rent a car for the weekend . He can choose [a] of [b] plans . The first plan has an initial fee of [c] dollars and costs an additional [d] dollars per mile driven . The second plan has no initial fee but costs [e] dollars per mile driven . How many miles would Goran need to drive for the [b] plans to cost the same ?	[c]+([d]*VAR_0)=[e]*VAR_0	{'[a]': '1.0', '[b]': '2.0', '[c]': '65.0', '[d]': '0.4', '[e]': '0.6'}	[325.0]
Best Rentals charges a daily fee plus a mileage fee for renting its cars . Barney was charged [a] dollars for [b] days and [c] miles , while Mary was charged [d] dollars for [e] days and [f] miles . Find the daily fee and find the mileage charge ?	([b]*VAR_0)+([c]*VAR_1)=[a],([e]*VAR_0)+([f]*VAR_1)=[d]	{'[a]': '69.0', '[b]': '3.0', '[c]': '300.0', '[d]': '123.0', '[e]': '5.0', '[f]': '600.0'}	[15.0,0.08]
A chemist has one solution that is [a] % acid and a second that is [b] % acid . How many liters of each should be mixed together to get [c] liters that is [d] % acid ?	(([a]*0.01)*VAR_0)+(([b]*0.01)*VAR_1)=[d]*0.01*[c],VAR_0+VAR_1=[c]	{'[a]': '15.0', '[b]': '25.0', '[c]': '100.0', '[d]': '18.0'}	[70.0,30.0]
There are [a] students in an Algebra [b] class . There are [c] fewer girls than boys . How many girls are in the class ?	VAR_0+VAR_1=[a],VAR_0=[c]+VAR_1	{'[a]': '27.0', '[b]': '1.0', '[c]': '5.0'}	[11.0]
During the 1998-1999 Little League season , the Tigers played [a] games . They lost [b] more games than they won . They did n't tie any . How many games did they win that season ?	VAR_0+VAR_1=[a],VAR_0=[b]+VAR_1	{'[a]': '57.0', '[b]': '21.0'}	[18.0]
One number exceeds another by [a] and their sum is [b] . Find the larger number.	VAR_0+VAR_1=[b],VAR_0=[a]+VAR_1	{'[a]': '10.0', '[b]': '34.0'}	[22.0]
A chemistry lab can be used by [a] students at one time . The lab has [b] work-stations . Some set up for [c] students and the others set up for [d] students . How many work-stations accommodate [c] students ?	([c]*VAR_1)+([d]*VAR_0)=[a],VAR_1+VAR_0=[b]	{'[a]': '38.0', '[b]': '16.0', '[c]': '2.0', '[d]': '3.0'}	[10.0]
A dealer has some hard candy worth [a] dollars a pound and some worth [b] dollars a pound . He wishes to make a mixture of [c] pounds that he can sell for [d] dollars per pound . How many pounds of each kind should he use ?	([a]*VAR_1)+([b]*VAR_0)=[c]*[d],VAR_1+VAR_0=[c]	{'[a]': '2.0', '[b]': '3.0', '[c]': '80.0', '[d]': '2.2'}	[64.0,16.0]
A bricklayer and an electrician together spend [a] hours working on a new house . If the bricklayer earns [b] dollars per hour , the electrician earns [c] dollars an hour , and the owner pays them a total of [d] dollars for their work , how many hours does the bricklayer work ? How many hours does the electrician work ?	([b]*VAR_0)+([c]*VAR_1)=[d],VAR_0+VAR_1=[a]	{'[a]': '90.0', '[b]': '12.0', '[c]': '16.0', '[d]': '1350.0'}	[22.5,67.5]
A jazz concert brought in [a] dollars with the sale of [b] tickets . If tickets were sold for [c] dollars and [d] dollars each , how many 20-dollar tickets were sold ? How many 30-dollar tickets ?	([c]*VAR_1)+([d]*VAR_0)=[a],VAR_1+VAR_0=[b]	{'[a]': '191000.0', '[b]': '7400.0', '[c]': '20.0', '[d]': '30.0'}	[3100.0,4300.0]
A truck and trailer together weigh [a] pounds . The trailer weighs [b] pounds less than [c] as much as the truck . Find the truck 's weight . Find the trailer 's weight .	VAR_1+VAR_0=[a],VAR_0=([c]*VAR_1)-[b]	{'[a]': '7000.0', '[b]': '200.0', '[c]': '0.5'}	[4800.0,2200.0]
Jackie has coffee that sells for [a] dollars per pound and coffee that sells for [b] dollars per pound . How many pounds of [a] dollars coffee and how many pounds of [b] dollars coffee must be mixed to get [c] pounds of coffee that sells for [d] dollars per pound ?	([a]*VAR_1)+([b]*VAR_0)=[c]*[d],VAR_1+VAR_0=[c]	{'[a]': '9.0', '[b]': '4.0', '[c]': '20.0', '[d]': '8.25'}	[17.0,3.0]
The total attendance at a rally was [a] people . Tickets bought before the rally were [b] dollars each , and tickets bought at the door were [c] dollars each . How many tickets were bought at the door if the total receipts were [d] dollars ? How many tickets were bought before the rally ?	([c]*VAR_1)+([b]*VAR_0)=[d],VAR_1+VAR_0=[a]	{'[a]': '750.0', '[b]': '2.0', '[c]': '2.75', '[d]': '1706.25'}	[275.0,475.0]
The difference of [a] times a number and [b] is [c] . Find the number.	([a]*VAR_0)-[b]=[c]	{'[a]': '3.0', '[b]': '5.0', '[c]': '40.0'}	[15.0]
The school is selling tickets to a performance . They have adult and child tickets . Each adult ticket is [a] dollars and each child ticket is [b] dollars . By the end of the week , there was [c] dollars in sales from [d] tickets sold . How many adult tickets were sold ? How many child tickets ?	([a]*VAR_0)+([b]*VAR_1)=[c],VAR_0+VAR_1=[d]	{'[a]': '5.0', '[b]': '3.0', '[c]': '178.0', '[d]': '42.0'}	[26.0,16.0]
A farmhouse has [a] animals . Some are goats and some are ducks . Altogether there are [b] legs . How many of each animal are there ?	(4.0*VAR_1)+(2.0*VAR_0)=[b],VAR_1+VAR_0=[a]	{'[a]': '15.0', '[b]': '48.0'}	[9.0,6.0]
An employment agency specializing in temporary help pays heavy operators [a] dollars per day and general laborers [b] dollars per day . If [c] people were hired and the payroll was [d] dollars , how many heavy operators were employed ? How many laborers ?	([a]*VAR_1)+([b]*VAR_0)=[d],VAR_1+VAR_0=[c]	{'[a]': '129.0', '[b]': '82.0', '[c]': '31.0', '[d]': '3952.0'}	[30.0,1.0]
A cashier has a total of [a] bills , made up of 5-dollar bills and 10-dollar bills . The total value of the money is [b] dollars . How many 5-dollar bills does he have ? How many 10-dollar bills ?	(5.0*VAR_0)+(10.0*VAR_1)=[b],VAR_0+VAR_1=[a]	{'[a]': '126.0', '[b]': '840.0'}	[84.0,42.0]
Peter sold pumpkins from his farm . He sold jumbo pumpkins for [a] dollars each , and he sold regular pumpkins for [b] dollars each . Peter sold [c] pumpkins and collected [d] dollars . How many jumbo pumpkins and regular pumpkins did he sell ?	([a]*VAR_0)+([b]*VAR_1)=[d],VAR_0+VAR_1=[c]	{'[a]': '9.0', '[b]': '4.0', '[c]': '80.0', '[d]': '395.0'}	[15.0,65.0]
An airplane has a total of [a] seats . The number of coach class seats is [b] more than [c] times the number of first-class seats . How many first class and coach class seats are there on the plane ?	VAR_0+VAR_1=[a],VAR_0=([c]*VAR_1)+[b]	{'[a]': '387.0', '[b]': '2.0', '[c]': '4.0'}	[77.0,310.0]
A grocer bought [a] bushels of Baldwin and McInotosh apples . Baldwins costs [b] cents a bushel , but McIntosh cost only [c] cents a bushel . If he paid [d] dollars for the lot , how many bushels of Baldwins did he get ? How many bushels of McIntosh ?	([b]*.01*VAR_0)+([c]*.01*VAR_1)=[d],VAR_0+VAR_1=[a]	{'[a]': '12.0', '[b]': '95.0', '[c]': '90.0', '[d]': '11.0'}	[4.0,8.0]
The sum of two numbers is [a] , one number is [b] more than the other . Find the numbers .	VAR_0+VAR_1=[a],VAR_0=[b]+VAR_1	{'[a]': '40.0', '[b]': '8.0'}	[16.0,24.0]
The difference between two numbers is [a] . Find the numbers , if their sum is [b] .	VAR_0+VAR_1=[b],VAR_0-VAR_1=[a]	{'[a]': '9.0', '[b]': '46.0'}	[27.5,18.5]
Matthew has two different stocks . One of the stocks is worth twice as much per share as the other . He has [a] shares of the more valuable stock and [b] shares of the other stock . His total assets in stocks is [c] dollars . How much is the more expensive stock per share ?	([a]*VAR_1)+([b]*VAR_0)=[c],VAR_1=2.0*VAR_0	{'[a]': '14.0', '[b]': '26.0', '[c]': '2106.0'}	[78.0]
On a certain hot summer 's day , [a] people used the public swimming pool . The daily prices are [b] dollars for children and [c] dollars for adults . The receipts for admission totaled [d] dollars . How many children and adults swam at the public pool that day ?	([b]*VAR_1)+([c]*VAR_0)=[d],VAR_1+VAR_0=[a]	{'[a]': '754.0', '[b]': '1.5', '[c]': '2.25', '[d]': '1422.0'}	[366.0,388.0]
Two numbers are in the ratio [a] to [b] . If the sum of numbers is [c] , find the numbers .	[b]*VAR_0=[a]*VAR_1,VAR_0+VAR_1=[c]	{'[a]': '8.0', '[b]': '3.0', '[c]': '143.0'}	[39.0,104.0]
[a] trains leave simultaneously traveling on the same track in opposite directions at speeds of [b] and [c] miles per hour . How many hours will it take before they are [d] miles apart ?	([b]*VAR_0)+([c]*VAR_0)=[d]	{'[a]': '2.0', '[b]': '50.0', '[c]': '64.0', '[d]': '285.0'}	[2.5]
Find two numbers whose sum is [a] if one number is [b] times as large as the other number.	VAR_0+VAR_1=[a],VAR_0=[b]*VAR_1	{'[a]': '14.0', '[b]': '3.0'}	[3.5,10.5]
Tickets at a local theater cost [a] dollars for adults and [b] dollars dollars for kids under twelve . If [c] tickets were sold and the profit was [d] dollars , how many kid tickets were sold ?	([a]*VAR_0)+([b]*VAR_1)=[d],VAR_0+VAR_1=[c]	{'[a]': '6.0', '[b]': '2.0', '[c]': '175.0', '[d]': '750.0'}	[75.0]
[a] people go to a zoo . Tickets are [b] dollars for adults and [c] dollars for kids . Total sales are [d] dollars . How many adults went to zoo ? How many kids ?	([b]*VAR_0)+([c]*VAR_1)=[d],VAR_0+VAR_1=[a]	{'[a]': '254.0', '[b]': '28.0', '[c]': '12.0', '[d]': '3864.0'}	[51.0,203.0]
The St . Mark 's Community Barbecue served [a] dinners . A child 's plate cost [b] dollars and an adult 's plate cost [c] dollars . A total of [d] dollars was collected . How many child 's plates were served ? How many adult 's plates were served ?	([b]*VAR_1)+([c]*VAR_0)=[d],VAR_1+VAR_0=[a]	{'[a]': '250.0', '[b]': '3.5', '[c]': '7.0', '[d]': '1347.5'}	[115.0,135.0]
Wal-Mart sells thermometers for [a] dollars, and hot-water bottles for [b] dollars . Total sales for these [a] items during the month of January was [c] dollars . There were [d] times as many thermometers as hot-water bottles sold . How many thermometers were sold ? How many hot-water bottles ?	([a]*VAR_1)+([b]*VAR_0)=[c],VAR_1=[d]*VAR_0	{'[a]': '2.0', '[b]': '6.0', '[c]': '1200.0', '[d]': '7.0'}	[420.0,60.0]
A [a] % acid solution and a [b] % acid solution must be mixed to produce [c] liters of a [d] % acid solution . How many liters of [a] % acid solution should be used ? How many liters of [b] % acid solution should be used ?	(([a]*0.01)*VAR_1)+(([b]*0.01)*VAR_0)=[d]*0.01*[c],VAR_1+VAR_0=[c]	{'[a]': '40.0', '[b]': '55.0', '[c]': '60.0', '[d]': '45.0'}	[40.0,20.0]
Suppose you invested [a] dollars , part at [b] % annual interest and the rest at [c] % annual interest . If you received [d] dollars in interest after one year , how much did you invest at [b] % annual interest and at [c] % annual interest ?	([b]*.01*VAR_1)+([c]*.01*VAR_0)=[d],VAR_1+VAR_0=[a]	{'[a]': '10000.0', '[b]': '6.0', '[c]': '9.0', '[d]': '684.0'}	[7200.0,2800.0]
A recipe calls for [a] cups of sugar . You find that you only have [b] cups of sugar left . What fraction of the recipe can you make ?	VAR_0=[b]/[a]	{'[a]': '2.0', '[b]': '0.3333'}	[0.165]
Tickets to a local movie were sold at [a] dollars for adults and [b] dollars for students . If [c] tickets were sold for a total of [d] dollars , how many student tickets were sold ?	([a]*VAR_0)+([b]*VAR_1)=[d],VAR_0+VAR_1=[c]	{'[a]': '4.0', '[b]': '2.5', '[c]': '59.0', '[d]': '222.5'}	[9.0]
[a] of Joe 's income each month goes to taxes . If she pays [b] dollars in taxes each month , what is her monthly income in dollars ?	[a]*VAR_0=[b]	{'[a]': '0.4', '[b]': '848.0'}	[2120.0]
Jordan 's salary is [a] dollars a month plus a [b] % commission on all of his sales . What must the amount of his sales be , in dollars , for him to earn at least [c] dollars each month ?	[a]+([b]*0.01*VAR_0)=[c]	{'[a]': '1250.0', '[b]': '5.0', '[c]': '1500.0'}	[5000.0]
A petroleum company has two different sources of crude oil . The first source provides crude oil that is [a] % hydrocarbons and the second one provides crude oil that is [b] % hydrocarbons . In order to obtain [c] gallons of crude oil that is [d] % hydrocarbons , how many gallons of crude oil must be used from each of the two sources ?	(([a]*0.01)*VAR_0)+(([b]*0.01)*VAR_1)=([c]*[d])*0.01,VAR_0+VAR_1=[c]	{'[a]': '25.0', '[b]': '75.0', '[c]': '50.0', '[d]': '55.0'}	[20.0,30.0]
Steve has [a] coins consisting of dimes and nickels . If the value of the coins is [b] dollars , then how many dimes does he have ?	(0.05*VAR_1)+(0.1*VAR_0)=[b],VAR_1+VAR_0=[a]	{'[a]': '36.0', '[b]': '3.1'}	[26.0]
The selling price of a pair of pants is [a] dollars . If the store paid [b] dollars less for the pants , find the price that the store paid , in dollars .	VAR_0=[a]-[b]	{'[a]': '34.0', '[b]': '8.0'}	[26.0]
A [a] % sugar solution is added to an [b] % sugar solution to create [c] milliliters of a [d] % solution . How many milliliters of the [a] % solution should be used ? How many millileters of the [b] % solution ?	(([a]*0.01)*VAR_1)+(([b]*0.01)*VAR_0)=[d]*0.01*([c]),VAR_1+VAR_0=[c]	{'[a]': '40.0', '[b]': '85.0', '[c]': '1800.0', '[d]': '60.0'}	[1000.0,800.0]
A department store held a sale to sell all of the [a] winter jackets that remained after the season ended . Until noon , each jacket in the store was priced at [b] dollars . At noon , the price of the jackets was further reduced to [c] dollars . After the last jacket was sold , the total receipts for the clearance sale were [d] dollars . How many jackets were sold before noon and how many jackets were sold after noon ?	([b]*VAR_1)+([c]*VAR_0)=[d],VAR_1+VAR_0=[a]	{'[a]': '214.0', '[b]': '31.95', '[c]': '18.95', '[d]': '5108.3'}	[81.0,133.0]
The sum of [a] of a number and two is eight . Find the number .	([a]*VAR_0)+2.0=8.0	{'[a]': '0.75'}	[8.0]
The sum of [a] numbers is [b] . [c] times one of the numbers is [d] less than [e] times the other . What is the smaller number ? What is the larger number ?	[c]*VAR_0=([e]*VAR_1)-[d],VAR_0+VAR_1=[b]	{'[a]': '2.0', '[b]': '15.0', '[c]': '3.0', '[d]': '11.0', '[e]': '5.0'}	[7.0,8.0]
[a] less than [b] times a number equals [c] . What is the number ?	([b]*VAR_0)-[a]=[c]	{'[a]': '7.0', '[b]': '4.0', '[c]': '13.0'}	[5.0]
A bricklayer lays an average of [a] bricks per hour . During a job , he is called away and replaced by a less experienced man , who averages [b] bricks per hour . The two men laid [c] bricks in [d] hours . How long did each work ?	([a]*VAR_0)+([b]*VAR_1)=[c],VAR_0+VAR_1=[d]	{'[a]': '150.0', '[b]': '120.0', '[c]': '930.0', '[d]': '7.0'}	[3.0,4.0]
The Drama Club sold [a] tickets for the end-of-year-performance . Admission prices were [b] dollars for adults and [c] dollars for students . The total amount collected at the box office was [d] dollars . How many students attended the play ? How many adult attended the play ?	([c]*VAR_1)+([b]*VAR_0)=[d],VAR_1+VAR_0=[a]	{'[a]': '1500.0', '[b]': '12.0', '[c]': '6.0', '[d]': '16200.0'}	[300.0]
The number of boys in eighth grade is [a] less than twice the number of girls . There are [b] students in eighth grade . How many are girls ?	(2.0*VAR_1)-[a]=VAR_0,VAR_1+VAR_0=[b]	{'[a]': '16.0', '[b]': '68.0'}	[28.0]
The sum of [a] numbers is [b] . Twice the larger number exceeds [c] times the smaller number by [d] . Find the number.	[a]*VAR_0=[d]+([c]*VAR_1),VAR_1+VAR_0=[b]	{'[a]': '2.0', '[b]': '43.0', '[c]': '3.0', '[d]': '16.0'}	[14.0,29.0]
It took me [a] minutes to walk [b] meters . How fast was I travelling ?	VAR_0=[b]/[a]	{'[a]': '6.0', '[b]': '500.0'}	[83.33]
Paul has [a] postcards . He has [b] times as many large postcards as small postcards . How many small postcards does he have ? How many large postcards ?	VAR_1+VAR_0=[a],VAR_0=[b]*VAR_1	{'[a]': '30.0', '[b]': '4.0'}	[6.0,24.0]
Student tickets cost [a] dollars and general admission tickets cost [b] dollars . You sell [c] tickets and collect [d] dollars . How many student tickets did you sell ? How many general admission tickets did you sell ?	([a]*VAR_1)+([b]*VAR_0)=[d],VAR_1+VAR_0=[c]	{'[a]': '4.0', '[b]': '6.0', '[c]': '525.0', '[d]': '2876.0'}	[137.0,388.0]
The total cost of a pair of pants and a belt was [a] dollars . If the price of the pair of pants was [b] dollars less than the belt , what was the price of the pair of pants ?	VAR_0+VAR_1=[a],VAR_1=VAR_0-[b]	{'[a]': '70.93', '[b]': '2.93'}	[34.0]
A merchant wants to combine peanuts selling [a] dollars per pound and cashews selling for [b] dollars per pound to form [c] pounds which will sell at [d] dollars per pound . What amount of peanuts and what amount of cashews must be used ?	([a]*VAR_1)+([b]*VAR_0)=[c]*[d],VAR_1+VAR_0=[c]	{'[a]': '2.4', '[b]': '6.0', '[c]': '60.0', '[d]': '3.0'}	[50.0,10.0]
Marco has [a] coins , all nickels and dimes . He has [b] more dimes than nickels . How many nickels and how many dimes does he have ?	[b]+VAR_1=VAR_0,VAR_0+VAR_1=[a]	{'[a]': '150.0', '[b]': '12.0'}	[69.0,81.0]
A farmer grows only sunflowers and flax on his [a] acre farm . This year he wants to plant [b] more acres of sunflowers than flax . How many acres of sunflowers does the farmer need to plant ? How many acres of flax ?	VAR_1+VAR_0=[a],VAR_1=[b]+VAR_0	{'[a]': '240.0', '[b]': '80.0'}	[160.0,80.0]
[a] high speed trains are [b] miles apart and traveling toward each other . They meet in [c] hours . If one train is [d] miles per hour faster than the other , find the speed of the slower train in miles per hour . Find the speed of the faster train .	([c]*VAR_1)+([c]*VAR_0)=[b],[d]+VAR_1=VAR_0	{'[a]': '2.0', '[b]': '380.0', '[c]': '4.0', '[d]': '15.0'}	[40.0,55.0]
[a] is divided in two parts such that [b] time the first part added to [c] times the second part makes [d] . What is the first part ?	([b]*VAR_0)+([c]*VAR_1)=[d],VAR_0+VAR_1=[a]	{'[a]': '24.0', '[b]': '7.0', '[c]': '5.0', '[d]': '146.0'}	[13.0]
You had [a] dollars to spend and purchased [b] sets of dishes . If you spent everything , how many [c] dollars sets did you purchase ? How many [d] dollars sets did you purchase ?	([c]*VAR_1)+([d]*VAR_0)=[a],VAR_1+VAR_0=[b]	{'[a]': '6800.0', '[b]': '250.0', '[c]': '20.0', '[d]': '45.0'}	[178.0,72.0]
During a 4th of July weekend , [a] vehicles became trapped on the Sunshine Skyway Bridge while it was being repaved . A recent city ordinance decreed that only cars with [b] wheels and trucks with six wheels could be on the bridge at any given time . If there were [c] tires that needed to be replaced to due to damage , how many cars and trucks were involved in the incident ?	([b]*VAR_0)+(6.0*VAR_1)=[c],VAR_0+VAR_1=[a]	{'[a]': '32.0', '[b]': '4.0', '[c]': '148.0'}	[22.0,10.0]
There are [a] animals total , all sheep and chickens . If there are [b] legs total , how many of the [a] animals are sheep ? How many are chickens ?	(4.0*VAR_1)+(2.0*VAR_0)=[b],VAR_1+VAR_0=[a]	{'[a]': '21.0', '[b]': '56.0'}	[7.0,14.0]
Arthur bought [a] hamburgers and [b] hot dogs for [c] dollars . The next day , he bought [d] hamburgers and [a] hot dogs for [e] dollars . How much does a hot dog cost ?	([a]*VAR_0)+([b]*VAR_1)=[c],([d]*VAR_0)+([a]*VAR_1)=[e]	{'[a]': '3.0', '[b]': '4.0', '[c]': '10.0', '[d]': '2.0', '[e]': '7.0'}	[1.0]
An auditorium has [a] balcony seats and [b] main-level seats . If tickets for balcony seats will cost [c] dollars less than tickets for main-level seats , what should the prices be for the main-level seats and prices for the balcony seats , so that the total revenue from a sellout performance will be [d] ?	([a]*VAR_0)+([b]*VAR_1)=[d],VAR_0=VAR_1-[c]	{'[a]': '500.0', '[b]': '1800.0', '[c]': '15.0', '[d]': '84500.0'}	[40.0,25.0]
E-Chem Testing has a solution that is [a] % base and another that is [b] % base . A technician needs [c] liters of a solution that is [d] % base . The [c] liters will be prepared by mixing the two solutions on hand . How much of the [a] % base and the [b] % base should be used ?	[a]*0.01*VAR_0+[b]*0.01*VAR_1=[d]*0.01*[c],VAR_0+VAR_1=[c]	{'[a]': '80.0', '[b]': '30.0', '[c]': '150.0', '[d]': '62.0'}	[96.0,54.0]
One year Walt invested [a] dollars . He invested part of the money at [b] % and the rest at [c] % . He made a total of [d] dollars in interest . How much was invested at [b] % ?	(([b]*0.01)*VAR_1)+(([c]*0.01)*VAR_0)=[d],VAR_1+VAR_0=[a]	{'[a]': '12000.0', '[b]': '7.0', '[c]': '9.0', '[d]': '970.0'}	[5500.0]
The cost of [a] gallons of regular gasoline and [b] gallons of premium gasoline is [c] dollars . Premium costs [d] dollars more per gallon than regular . What is the cost per gallon of each type of gasoline ?	([a]*VAR_1)+([b]*VAR_0)=[c],VAR_0=[d]+VAR_1	{'[a]': '12.0', '[b]': '18.0', '[c]': '44.46', '[d]': '0.22'}	[1.35,1.57]
To make a weak solution of [a] liters of [b] % acid , a lab technician will use some premixed solutions : one is [c] % acid and the other is [d] % acid . How many liters of each , respectively , should he use to obtain the desired solution ?	[c]*0.01*VAR_1+[d]*0.01*VAR_0=[b]*0.01*[a],VAR_1+VAR_0=[a]	{'[a]': '24.0', '[b]': '4.0', '[c]': '2.0', '[d]': '5.0'}	[8.0,16.0]
Ilida went to Minewaska Sate Park one day this summer . All of the people at the park were either hiking or bike riding . There were [a] more hikers than bike riders . If there were a total of [b] people at the park , how many were hiking ? How many were riding their bikes ?	VAR_1+VAR_0=[b],VAR_1=[a]+VAR_0	{'[a]': '178.0', '[b]': '676.0'}	[427.0,249.0]
Soybean meal is [a] % protein ; cornmeal is [b] % protein . How many pounds of each should be mixed together in order to get a 320-pound mixture that is [c] % protein ?	(([a]*0.01)*VAR_1)+(([b]*0.01)*VAR_0)=(320.0*[c])*0.01,VAR_1+VAR_0=320.0	{'[a]': '16.0', '[b]': '8.0', '[c]': '13.0'}	[200.0,120.0]
In a class of [a] students the number of girls is [b] of the number of boys . Find the number of girls in the class.	[b]*VAR_0=VAR_1,VAR_0+VAR_1=[a]	{'[a]': '35.0', '[b]': '0.4'}	[10.0]
The number of grocery items on two grocery lists differs by [a] . The total number of items is [b] . How many items are on each list ?	VAR_0+VAR_1=[b],VAR_0-VAR_1=[a]	{'[a]': '7.0', '[b]': '33.0'}	[13.0,20.0]
A baseball team has home games on Wednesday and Saturday . The two games together earn [a] dollars for the team . Wednesdays game generates [b] dollars less than Saturdays game . How much money was taken in at Wednesday 's game ? How much money was taken in at Saturday 's game ?	VAR_1+VAR_0=[a],VAR_1=VAR_0-[b]	{'[a]': '5182.5', '[b]': '142.5'}	[2520.0,2662.5]
The Coffee Counter charges [a] dollars per pound for Kenyan French Roast coffee and [b] dollars per pound for Sumatran coffee . How many pounds of Kenyan French Roast and Sumatran should be used to make a 20-pound blend that sells for [c] dollars per pound ?	([a]*VAR_0)+([b]*VAR_1)=20.0*[c],VAR_0+VAR_1=20.0	{'[a]': '9.0', '[b]': '8.0', '[c]': '8.4'}	[8.0,12.0]
A concert sells out a [a] seat arena . Main seat tickets cost [b] dollars , and back seat tickets for [c] dollars . The concert made [d] dollars . How many main seat tickets and back seat tickets were sold ?	([b]*VAR_1)+([c]*VAR_0)=[d],VAR_1+VAR_0=[a]	{'[a]': '20000.0', '[b]': '55.0', '[c]': '45.0', '[d]': '955000.0'}	[5500.0,14500.0]
A high school graduating class is made up of [a] students . There are [b] more girls than boys . How many boys are in the class ?	VAR_0+VAR_1=[a],VAR_0=VAR_1-[b]	{'[a]': '485.0', '[b]': '69.0'}	[208.0]
[a] Pairs of jeans and [b] shirts costs [c] dollars . The cost of [d] jeans and [e] shirts is [f] dollars . Find the cost of each pair of jeans and each shirt.	([a]*VAR_0)+([b]*VAR_1)=[c],([d]*VAR_0)+([e]*VAR_1)=[f]	{'[a]': '3.0', '[b]': '6.0', '[c]': '104.25', '[d]': '4.0', '[e]': '5.0', '[f]': '112.15'}	[16.85,8.95]
Maggie has a job working in an office for [a] dollars an hour and another job driving a tractor for [b] dollars an hour . One week she works in the office twice as long as she drives the tractor . Her total income for that week is [c] dollars . How many hours did she spend at the office ? How many hours driving the tractor ?	([a]*VAR_0)+([b]*VAR_1)=[c],VAR_0=2.0*VAR_1	{'[a]': '10.0', '[b]': '12.0', '[c]': '416.0'}	[26.0,13.0]
The world 's oldest bride was [a] yr older than her groom . Together , their ages totaled [b] years . How old was the bride ? How old was the groom ?	VAR_0+VAR_1=[b],VAR_0=[a]+VAR_1	{'[a]': '19.0', '[b]': '185.0'}	[102.0,83.0]
[a] teams of scientists leave a university at the same time in special vans to search for tornadoes . the 1st team travel east at [b] miles per hour and the 2nd team travels west at [c] miles per hour . their radios have a range of [d] miles . How much time will pass before the scientists lose radio contact ?	([b]*VAR_0)+([c]*VAR_0)=[d]	{'[a]': '2.0', '[b]': '20.0', '[c]': '30.0', '[d]': '125.0'}	[2.5]
A catering company is setting up tables for a big event that will host [a] people . When they set up the tables they need [b] forks for each child and [c] forks for each adult . If the company ordered a total of [d] forks , how many adults and how many children will be attending the event ?	([c]*VAR_0)+([b]*VAR_1)=[d],VAR_0+VAR_1=[a]	{'[a]': '764.0', '[b]': '2.0', '[c]': '5.0', '[d]': '2992.0'}	[488.0,276.0]
A discount store sold plastic cups for [a] dollars each and ceramic cups for [b] dollars each . If [c] cups were sold for a total of [d] dollars , how many plastic cups and ceramic cups were sold ?	([a]*VAR_1)+([b]*VAR_0)=[d],VAR_1+VAR_0=[c]	{'[a]': '3.25', '[b]': '4.5', '[c]': '500.0', '[d]': '2090.0'}	[128.0,372.0]
In a given week , the first car gets an average of [a] miles per gallon , and the second car gets [b] miles per gallon . The two cars combined drive a total of [c] miles in that week , for a total gas consumption of [d] gallons . How many gallons were consumed by the first car that week ? How many gallons were consumed by the second car that week ?	([a]*VAR_0)+([b]*VAR_1)=[c],VAR_0+VAR_1=[d]	{'[a]': '30.0', '[b]': '25.0', '[c]': '1700.0', '[d]': '60.0'}	[40.0,20.0]
In a family there are [a] cars . The sum of the average miles per gallon obtained by the two cars in a particular week is [b] . The first car has consumed [c] gallons during that week , and the second car has consumed [d] gallons , for a total of [e] miles driven by the two cars combined . What was the average gas mileage obtained by each of the [a] cars that week ?	([c]*VAR_0)+([d]*VAR_1)=[e],VAR_0+VAR_1=[b]	{'[a]': '2.0', '[b]': '45.0', '[c]': '40.0', '[d]': '20.0', '[e]': '1400.0'}	[25.0,20.0]
There were [a] people at a play . The admission price was [b] dollars for adults and [c] dollars for children . The admission receipts were [d] dollars . How many adults and children attended ?	([b]*VAR_0)+([c]*VAR_1)=[d],VAR_0+VAR_1=[a]	{'[a]': '610.0', '[b]': '2.0', '[c]': '1.0', '[d]': '960.0'}	[350.0,260.0]
The sum of [a] numbers is [b] . [c] of the first number plus [d] of the second number is [e] . Find the smaller and the larger number.	[c]*VAR_1+[d]*VAR_0=[e],VAR_1+VAR_0=[b]	{'[a]': '2.0', '[b]': '27.0', '[c]': '0.5', '[d]': '0.3333', '[e]': '11.0'}	[12.0,15.0]
Didi invested a total of [a] dollars in two accounts paying [b] % and [c] % simple interest . If her total return at the end of the first year was [d] dollars , how much did she invest in each account ?	[b]*0.01*VAR_0+[c]*0.01*VAR_1=[d],VAR_0+VAR_1=[a]	{'[a]': '12000.0', '[b]': '7.5', '[c]': '6.0', '[d]': '840.0'}	[8000.0,4000.0]
In the 2000-2001 baseball season , the Seattle Mariners tied a league record set by the [a] Chicago Cubs for most wins in a season . The Mainers won [b] more than twice as many games as they lost . They played [c] regular season games . How many wins and losses did the mariners have ?	VAR_1+VAR_0=[c],VAR_1=(2.0*VAR_0)+[b]	{'[a]': '1906.0', '[b]': '24.0', '[c]': '162.0'}	[116.0,46.0]
One unit of whole wheat flour has [a] grams of protein and [b] grams of fat . One unit of whole milk has [c] grams of protein and [d] grams of fat . To the nearest tenth , find the number of units of whole wheat flour and whole milk that must be mixed to make dough that has [e] grams of protein and [f] grams of fat .	([a]*VAR_1)+([c]*VAR_0)=[e],([b]*VAR_1)+([d]*VAR_0)=[f]	{'[a]': '13.6', '[b]': '2.5', '[c]': '3.4', '[d]': '3.7', '[e]': '75.0', '[f]': '15.0'}	[5.41,0.394]
A physician 's assistant measures a child and finds that his height is [a] inches . At his last visit to the doctor's office , the child was [b] inches tall . How much did the child grow , in inches ?	VAR_0=[a]-[b]	{'[a]': '41.5', '[b]': '38.5'}	[3.0]
If [a] pounds of ground beef costs [b] dollars , how much does [c] pounds of ground beef cost ?	[a]*VAR_1=[b],[c]*VAR_1=VAR_0	{'[a]': '3.5', '[b]': '9.77', '[c]': '5.6'}	[15.62]
A theater sells children 's tickets for [a] dollars and adult tickets for [b] dollars . One night [c] tickets worth [d] dollars were sold . How many adult tickets were sold ? How many children 's tickets ?	([b]*VAR_0)+([a]*VAR_1)=[d],VAR_0+VAR_1=[c]	{'[a]': '4.0', '[b]': '7.0', '[c]': '575.0', '[d]': '3575.0'}	[425.0,150.0]
Mario has [a] pence to invest and decides to invest part of it at [b] % and the rest of it at [c] % . If the total interest for the year is [d] pence, how much does Mario has to invest at [b] % rate and how much does she has to invest at [c] % rate ?	(([b]*0.01)*VAR_1)+(([c]*0.01)*VAR_0)=[d],VAR_1+VAR_0=[a]	{'[a]': '5000.0', '[b]': '4.0', '[c]': '6.5', '[d]': '245.0'}	[3200.0,1800.0]
Purses cost [a] dollars each . Scarves cost [b] dollars each . [c] combined items sold costing [d] dollars total . How many purses were sold ? How many scarves were sold ?	([a]*VAR_0)+([b]*VAR_1)=[d],VAR_0+VAR_1=[c]	{'[a]': '7.0', '[b]': '8.0', '[c]': '17.0', '[d]': '130.0'}	[6.0,11.0]
Pedro goes to the market and buys a total of [a] plums and peaches for [b] dollars . A plum costs [c] dollars and a peach costs [d] dollars . How many plums did Pedro buy ?	([c]*VAR_1)+([d]*VAR_0)=[b],VAR_1+VAR_0=[a]	{'[a]': '32.0', '[b]': '52.0', '[c]': '2.0', '[d]': '1.0'}	[20.0]
A bottle of wine with a cork cost [a] dollars . A bottle of wine without a cork costs [b] dollars more than the cork . What is the price of the cork ?	VAR_1+VAR_0=[a],VAR_1=[b]+VAR_0	{'[a]': '2.1', '[b]': '2.0'}	[0.05]
Mrs.Martin bought [a] cups of coffee and [b] bagels and spent [c] dollars . Mr.Martin bought [b] cups of coffee and [d] bagels and spent [e] dollars . Find the cost of one cup of coffee and the cost of one bagel.	([a]*VAR_1)+([b]*VAR_0)=[c],([b]*VAR_1)+([d]*VAR_0)=[e]	{'[a]': '3.0', '[b]': '2.0', '[c]': '12.75', '[d]': '5.0', '[e]': '14.0'}	[3.25,1.5]
A total of [a] tickets were sold for the school play . The number of student tickets sold was two times the number of adult tickets sold . How many adult tickets were sold ?	VAR_0+VAR_1=[a],VAR_1=2.0*VAR_0	{'[a]': '366.0'}	[122.0]
The length of a rectangular field is [a] meters . This is [b] meters less than twice the width . Find the width.	(2.0*VAR_0)-[b]=[a]	{'[a]': '24.0', '[b]': '3.0'}	[13.5]
The sum of two numbers is [a] . The difference between three times the smaller number and the larger number is [b] . Find the smaller number and the larger number.	(3.0*VAR_1)-VAR_0=[b],VAR_1+VAR_0=[a]	{'[a]': '48.0', '[b]': '16.0'}	[16.0,32.0]
A piece of rope [a] meters long is cut into two pieces so that the longest piece is twice as long as the shorter piece . How long are the two pieces ?	2.0*VAR_1=VAR_0,VAR_1+VAR_0=[a]	{'[a]': '60.0'}	[20.0,40.0]
There are [a] animals on a farm , each of which is either a pig or a chicken . There are [b] legs altogether . How many pigs are there ? How many chickens ?	(4.0*VAR_1)+(2.0*VAR_0)=[b],VAR_1+VAR_0=[a]	{'[a]': '41.0', '[b]': '100.0'}	[9.0,32.0]
Hockey teams receive [a] points when they win and [b] point when they tie . [b] season , a team won a championship with [c] points . They won [d] games more than they tied . How many wins and ties did the team have ?	([a]*VAR_1)+([b]*VAR_0)=[c],VAR_1=[d]+VAR_0	{'[a]': '2.0', '[b]': '1.0', '[c]': '60.0', '[d]': '12.0'}	[24.0,12.0]
On a canoe trip , Rita paddled upstream at an average speed of [a] miles per hour relative to the riverbank . On the return trip downstream, her average speed was [b] miles per hour . Find Rita 's paddling speed in still water and the speed of the river 's current .	VAR_1+VAR_0=[b],VAR_1-VAR_0=[a]	{'[a]': '2.0', '[b]': '3.0'}	[2.5,0.5]
Six apples and three oranges cost [a] dollars . Two apples and five oranges cost [b] dollars . Find the cost of each apple and the cost of an orange .	(6.0*VAR_0)+(3.0*VAR_1)=[a],(2.0*VAR_0)+(5.0*VAR_1)=[b]	{'[a]': '1.77', '[b]': '1.27'}	[0.21,0.17]
A chemist has two acid solutions . One solution is [a] % pure acid and the other is [b] % pure acid . How much of [a] % pure acid and [b] % pure acid is needed to produce [c] square-centimeters of a solution that is [d] % pure acid ?	(([a]*0.01)*VAR_1)+(([b]*0.01)*VAR_0)=([d]*0.01)*[c],VAR_1+VAR_0=[c]	{'[a]': '20.0', '[b]': '60.0', '[c]': '80.0', '[d]': '45.0'}	[30.0,50.0]
A cosmetologist has a bottle of [a] % hydrogen peroxide solution and a bottle of [b] % hydrogen peroxide solution . The cosmetologist needs [c] milliliters of a [d] % hydrogen peroxide solution . Find how many milliliters of each solution the cosmetologist needs to mix together.	(([a]*0.01)*VAR_1)+(([b]*0.01)*VAR_0)=[d]*0.01*[c],VAR_1+VAR_0=[c]	{'[a]': '7.0', '[b]': '4.0', '[c]': '300.0', '[d]': '5.0'}	[100.0,200.0]
Mitch is buying candy bars for his friends . He wants to give [a] bars to each friend , and he wants to have [b] spare bars . He can afford to buy [c] candy bars . How many friends can he treat ?	([a]*VAR_0)+[b]=[c]	{'[a]': '2.0', '[b]': '10.0', '[c]': '24.0'}	[7.0]
Bob invested [a] dollars , part at [b] % and part at [c] % . If the total interest at the end of the year is [d] dollars , how much did he invest at [b] % ?	[b]*0.01*VAR_0+[c]*0.01*VAR_1=[d],VAR_0+VAR_1=[a]	{'[a]': '22000.0', '[b]': '18.0', '[c]': '14.0', '[d]': '3360.0'}	[7000.0]
An airplane begins a flight with a total of [a] gallons of fuel stored in two separate wing tanks . During the flight , [b] % of the fuel in one tank is used , and in the other tank , [c] % of the fuel is used . If the total fuel used is [d] gallons , what are the amounts x and y stored in each tank .	(([b]*0.01)*VAR_0)+(([c]*0.01)*VAR_1)=[d],VAR_0+VAR_1=[a]	{'[a]': '36.0', '[b]': '25.0', '[c]': '37.5', '[d]': '11.2'}	[18.4,17.6]
John is writing an article . The article is limited to [a] words . He decides to use two types of font . Large font is [b] words per page , small font is [c] words per page . He is allowed [d] pages for this article . How many pages are in small font ? How many pages are in large font ?	VAR_1+VAR_0=[d],([c]*VAR_1)+([b]*VAR_0)=[a]	{'[a]': '48000.0', '[b]': '1800.0', '[c]': '2400.0', '[d]': '21.0'}	[17.0,4.0]
Find two numbers whose sum is [a] and whose difference is [b]	VAR_0+VAR_1=[a],VAR_0-VAR_1=[b]	{'[a]': '55.0', '[b]': '15.0'}	[20.0,35.0]
Adult tickets for a show cost [a] dollars while children 's tickets cost [b] dollars . If there were twice as many adults as children and the total receipts for the show were [c] dollars . How many adults were at the show ?	([a]*VAR_0)+([b]*VAR_1)=[c],VAR_0=2.0*VAR_1	{'[a]': '5.5', '[b]': '2.5', '[c]': '1026.0'}	[152.0]
The total number of Democrats and Republicans in the House of Representatives was [a] . There were [b] more Republicans then Democrats . How many Democrats and Republicans were there in the Senate ?	VAR_0+VAR_1=[a],VAR_0=VAR_1-[b]	{'[a]': '434.0', '[b]': '30.0'}	[202.0,232.0]
Find a number such that [a] more than [b] the number is [c] the number.	[a]+[b]*VAR_0=[c]*VAR_0	{'[a]': '1.0', '[b]': '0.6667', '[c]': '0.75'}	[12.0]
A 177-inch pipe is cut into two pieces . One piece is two times the length of the other . Find the lengths of the two pieces.	VAR_0+VAR_1=177.0,VAR_0=2.0*VAR_1	{}	[59.0,118.0]
Jack collects baseball and football cards . He has [a] cards total . The number of baseball cards he has is five more than three times the number of football cards . How many baseball and football cards does he have ?	VAR_0+VAR_1=[a],VAR_0=5.0+(3.0*VAR_1)	{'[a]': '125.0'}	[95.0,30.0]
Your cell phone company offers two text-messaging plans . Plan A costs [a] dollars per text message , plus a monthly fee of [b] dollars . The other plan costs [c] dollars per text message with no monthly fee . For how many text messages will both plans cost the same amount ?	[b]+([a]*VAR_0)=[c]*VAR_0	{'[a]': '0.25', '[b]': '9.0', '[c]': '0.4'}	[60.0]
A self-employed contractor nearing retirement made two investments totaling [a] dollars . In one year , these investments yielded [b] dollars in simple interest . Part of the money was invested at [c] % and the rest at [d] % . How much was invested at each rate ?	[d]*0.01*VAR_0+[c]*0.01*VAR_1=[b],VAR_0+VAR_1=[a]	{'[a]': '15000.0', '[b]': '1023.0', '[c]': '6.0', '[d]': '7.5'}	[8200.0,6800.0]
Steve invests in a circus production . The coast includes an overhead of [a] dollars , plus production costs of [b] dollars per performance . A sold-out performance brings in [c] dollars , Determine the number of sold-out performances , x , needed to break even .	[a]+([b]*VAR_0)=[c]*VAR_0	{'[a]': '81000.0', '[b]': '7000.0', '[c]': '16000.0'}	[9.0]
One number is [a] more than [b] times another number . Their sum is [c] . Find the smaller number.	VAR_0=([b]*VAR_1)+[a],VAR_1+VAR_0=[c]	{'[a]': '11.0', '[b]': '3.0', '[c]': '55.0'}	[11.0]
Lisa invested [a] dollars , part at [b] % and the rest at [c] % per year . How much did she invest at [b] % and [c] % if her total return per year on the investments was [d] dollars ?	(([b]*0.01)*VAR_1)+(([c]*0.01)*VAR_0)=[d],VAR_1+VAR_0=[a]	{'[a]': '8000.0', '[b]': '4.0', '[c]': '5.0', '[d]': '380.0'}	[2000.0,6000.0]
An art dealer sold [a] etchings for [b] dollars . He sold some of them at [c] dollars each and the rest at [d] dollars each . How many etchings did he sell at [c] dollars ? How many etchings did he sell at [d] dollars ?	([c]*VAR_1)+([d]*VAR_0)=[b],VAR_1+VAR_0=[a]	{'[a]': '16.0', '[b]': '630.0', '[c]': '35.0', '[d]': '45.0'}	[9.0,7.0]
A plane flying with a tail wind flew at a speed of [a] miles per hour , relative to the ground . When flying against the tailwind , it flew at a speed of [b] miles per hour . Find the speed of the tailwind .	VAR_0+VAR_1=[a],VAR_0-VAR_1=[b]	{'[a]': '460.0', '[b]': '310.0'}	[75.0]
At Al 's Rent-a-Center , it costs [a] dollars more per month to rent a leather couch than it does to rent a microfiber couch . Pauline rented a leather couch for [b] months and then exchanged it for a microfiber couch , which she rented for [c] months . She paid a total of [d] dollars to rent these couches . Solve this system of equations to find the monthly rental charge for the leather couch , in dollars . Find the monthly rental charge for the microfiber couch .	([b]*VAR_0)+([c]*VAR_1)=[d],VAR_0=[a]+VAR_1	{'[a]': '30.0', '[b]': '8.0', '[c]': '12.0', '[d]': '1620.0'}	[99.0,69.0]
One integer is twice another , and their sum is [a] . Find the smaller and larger integer .	2.0*VAR_1=VAR_0,VAR_1+VAR_0=[a]	{'[a]': '96.0'}	[32.0,64.0]
Your teacher is giving a test worth [a] points . There is a total of [b] 5-point and 10-point questions . How many 5-point questions are on the test ?	(5.0*VAR_0)+(10.0*VAR_1)=[a],VAR_0+VAR_1=[b]	{'[a]': '200.0', '[b]': '30.0'}	[20.0]
